
=== Aston Villa (Cino: 1DBA312F770) ===
90 B8 ED DF C3 00 00 00 B8 BB ED DF C3 00 00 00 B8 BB ED DF C3 00 00 00 00 00 00 00 00 00 00 00 00 00 00 00 00 00 00 00 00 00 00 00 00 00 00 00 00 00 00 00 00 00 00 00 00 00 00 00 00 00 00 00 00 00 00 00 00 00 00 00 B0 D2 06 65 C4 00 00 00 68 F7 0D 00 DC 01 00 00 10 EF 0D 00 DC 01 00 00 40 A5 D4 B1 DB 01 00 00 97 AE 00 00 A8 61 00 00 D8 D6 00 00 1D 23 04 1D 00 A0 7F 2D C4 00 00 00 E8 A0 7F 2D C4 00 00 00 E8 A0 7F 2D C4 00 00 00 3C EA A0 96 C5 00 00 00 2C 18 19 2E C4 00 00 00 E5 BE 94 FF 00 00 00 00 24 00 48 FF 24 00 00 00 00 00 00 00 00 00 00 00 00 00 00 00 00 00 00 00 00 00 00 00 00 00 00 00 00 00 00 00 00 00 00 00 00 00 00 00 00 00 00 00 00 00 00 00 00 00 00 00 00 00 00 00 00 00 00 00 00 00 00 00 00 00 00 00 00 00 00 00 00 00 00 00 00 00 00 00 00 00 00 00 00 00 00 00 00 00 00 00 00 00 00 00 00 00 00 00 00 00 00 00 00 00 00 00 A2 00 00 00 64 00 00 00 07 0E 00 00 00 00 00 00 00 00 00 00 00 00 00 00 00 00 00 00 00 00 00 00 00 00 00 00 00 00 00 00 5C E5 A0 96 C5 00 00 00 00 00 00 00 00 00 00 00 FA FA FA FF 00 00 00 00 B5 55 2F FF 00 00 00 00 00 A1 7F 2D C4 00 00 00 F0 A1 7F 2D C4 00 00 00 F0 A1 7F 2D C4 00 00 00 00 00 00 00 00 00 00 00 00 00 00 00 00 00 00 00 00 00 00 00 00 00 00 00 00 00 00 00 00 00 00 00 00 00 00 00 00 00 00 00 00 00 00 00 00 00 00 00 D0 D2 06 65 C4 00 00 00 18 08 0E 00 DC 01 00 00 C0 FF 0D 00 DC 01 00 00 C0 A6 D4 B1 DB 01 00 00 88 24 00 00 58 02 00 00 44 2F 00 00 1D 03 1D 03 C0 4A 74 65 C4 00 00 00 88 4B 74 65 C4 00 00 00 88 4B 74 65 C4 00 00 00 5C EA A0 96 C5 00 00 00 4C 18 19 2E C4 00 00 00 00 00 00 FF 00 00 00 00 00 77 FF FF 00 00 00 00 40 15 26 2D C4 00 00 00 70 17 26 2D C4 00 00 00 70 17 26 2D C4 00 00 00 00 00 00 00 00 00 00 00 00 00 00 00 00 00 00 00 00 00 00 00 00 00 00 00 00 00 00 00 00 00 00 00 00 00 00 00 00 00 00 00 00 00 00 00 00 00 00 00 F0 CE 06 65 C4 00 00 00 C8 18 0E 00 DC 01 00 00 70 10 0E 00 DC 01 00 00 40 A8 D4 B1 DB 01 00 00 55 2F 00 00 A0 0F 00 00 A8 61 00 00 03 1D 1E 03 A0 4B 74 65 C4 00 00 00 68 4C 74 65 C4 00 00 00 68 4C 74 65 C4 00 00 00 5C E8 6A 29 C4 00 00 00 6C 18 19 2E C4 00 00 00 FF FF FF FF 00 00 00 00 21 19 D7 FF 00 00 00 00 C0 4C DA 2D C4 00 00 00 00 4D DA 2D C4 00 00 00 00 4D DA 2D C4 00 00 00 00 00 00 00 00 00 00 00 00 00 00 00 00 00 00 00 00 00 00 00 00 00 00 00 00 00 00 00 00 00 00 00 00 00 00 00 00 00 00 00 00 00 00 00 00 00 00 00 F0 CA 06 65 C4 00 00 00 78 29 0E 00 DC 01 00 00 20 21 0E 00 DC 01 00 00 C0 A9 D4 B1 DB 01 00 00 DB 18 00 00 58 02 00 00 CB 28 00 00 00 00 00 00 80 4C 74 65 C4 00 00 00 58 4D 74 65 C4 00 00 00 58 4D 74 65 C4 00 00 00 0C 7B 55 DD C3 00 00 00 8C 18 19 2E C4 00 00 00 7D 3D 22 FF 00 00 00 00 FF FF FF FF 00 00 00 00 40 4D DA 2D C4 00 00 00 80 4D DA 2D C4 00 00 00 80 4D DA 2D C4 00 00 00 00 00 00 00 00 00 00 00 00 00 00 00 00 00 00 00 00 00 00 00 00 00 00 00 00 00 00 00 00 00 00 00 00 00 00 00 00 00 00 00 00 00 00 00 00 00 00 00 30 CC 06 65 C4 00 00 00 28 3A 0E 00 DC 01 00 00 D0 31 0E 00 DC 01 00 00 40 AB D4 B1 DB 01 00 00 4C 0C 00 00 20 03 00 00 35 74 00 00 40 04 1E 04 40 41 75 65 C4 00 00 00 E8 41 75 65 C4 00 00 00 E8 41 75 65 C4 00 00 00 6C 7B 55 DD C3 00 00 00 AC 18 19 2E C4 00 00 00 FF FF FF FF 00 00 00 00 00 00 00 FF 24 00 00 00 E0 6D 64 DC C3 00 00 00 28 72 64 DC C3 00 00 00 28 72 64 DC C3 00 00 00 00 00 00 00 00 00 00 00 00 00 00 00 00 00 00 00 00 00 00 00 00 00 00 00 00 7D 2B 65 C4 00 00 00 08 7D 2B 65 C4 00 00 00 08 7D 2B 65 C4 00 00 00 D0 D0 06 65 C4 00 00 00 D8 4A 0E 00 DC 01 00 00 80 42 0E 00 DC 01 00 00 C0 AC D4 B1 DB 01 00 00 79 5A 00 00 58 1B 00 00 50 C3 00 00 03 1D 1D 03 60 4D 74 65 C4 00 00 00 38 4E 74 65 C4 00 00 00 38 4E 74 65 C4 00 00 00 9C E8 6A 29 C4 00 00 00 CC 18 19 2E C4 00 00 00 FF FF FF FF 00 00 00 00 8F 3D 1E FF 20 00 00 00 10 7D 2B 65 C4 00 00 00 20 7D 2B 65 C4 00 00 00 20 7D 2B 65 C4 00 00 00 00 00 00 00 00 00 00 00 00 00 00 00 00 00 00 00 00 00 00 00 00 00 00 00
=== Brighton & Hove Albion (Cino: 1DBA353FE90) ===
C0 5D 26 2D C4 00 00 00 C8 5F 26 2D C4 00 00 00 C8 5F 26 2D C4 00 00 00 00 00 00 00 00 00 00 00 00 00 00 00 00 00 00 00 00 00 00 00 00 00 00 00 00 00 00 00 00 00 00 00 00 00 00 00 00 00 00 00 00 00 00 00 00 00 00 00 90 99 74 66 C4 00 00 00 C8 73 14 02 DC 01 00 00 70 6B 14 02 DC 01 00 00 C0 AA 54 B2 DB 01 00 00 B7 46 00 00 66 04 00 00 A8 61 00 00 23 1D 40 23 90 92 22 66 C4 00 00 00 78 93 22 66 C4 00 00 00 78 93 22 66 C4 00 00 00 CC 3B 54 00 C4 00 00 00 00 00 00 00 00 00 00 00 FA FA FA FF 00 00 00 00 A5 54 00 FF 20 00 00 00 A0 91 78 66 C4 00 00 00 78 92 78 66 C4 00 00 00 78 92 78 66 C4 00 00 00 00 00 00 00 00 00 00 00 00 00 00 00 00 00 00 00 00 00 00 00 00 00 00 00 00 00 00 00 00 00 00 00 00 00 00 00 00 00 00 00 00 00 00 00 00 00 00 00 D0 9E 74 66 C4 00 00 00 78 84 14 02 DC 01 00 00 20 7C 14 02 DC 01 00 00 40 AC 54 B2 DB 01 00 00 16 18 00 00 28 04 00 00 52 1B 00 00 1D 04 1D 1C F0 71 18 66 C4 00 00 00 88 72 18 66 C4 00 00 00 88 72 18 66 C4 00 00 00 0C 4C 54 00 C4 00 00 00 00 00 00 00 00 00 00 00 FA FA FA FF 00 00 00 00 B5 55 2F FF 24 00 00 00 40 60 26 2D C4 00 00 00 70 62 26 2D C4 00 00 00 70 62 26 2D C4 00 00 00 00 00 00 00 00 00 00 00 00 00 00 00 00 00 00 00 00 00 00 00 00 00 00 00 00 00 00 00 00 00 00 00 00 00 00 00 00 00 00 00 00 00 00 00 00 00 00 00 F0 9E 74 66 C4 00 00 00 28 95 14 02 DC 01 00 00 D0 8C 14 02 DC 01 00 00 C0 AD 54 B2 DB 01 00 00 7F 87 00 00 CA 06 00 00 FD A2 00 00 04 1E 00 40 80 06 84 66 C4 00 00 00 10 07 84 66 C4 00 00 00 10 07 84 66 C4 00 00 00 9C FF 41 12 C4 00 00 00 00 00 00 00 00 00 00 00 FA FA FA FF 00 00 00 00 93 45 01 FF 20 00 00 00 90 93 22 66 C4 00 00 00 90 94 22 66 C4 00 00 00 90 94 22 66 C4 00 00 00 00 00 00 00 00 00 00 00 00 00 00 00 00 00 00 00 00 00 00 00 00 00 00 00 00 00 00 00 00 00 00 00 00 00 00 00 00 00 00 00 00 00 00 00 00 00 00 00 70 9F 74 66 C4 00 00 00 D8 A5 14 02 DC 01 00 00 80 9D 14 02 DC 01 00 00 40 AF 54 B2 DB 01 00 00 8C 50 00 00 56 08 00 00 08 5B 00 00 04 1D 04 04 60 93 78 66 C4 00 00 00 30 94 78 66 C4 00 00 00 30 94 78 66 C4 00 00 00 6C 4C 54 00 C4 00 00 00 00 00 00 00 00 00 00 00 FA FA FA FF 00 00 00 00 E1 B2 7A FF 28 00 00 00 A0 8D 1D 66 C4 00 00 00 20 8F 1D 66 C4 00 00 00 20 8F 1D 66 C4 00 00 00 00 00 00 00 00 00 00 00 00 00 00 00 00 00 00 00 00 00 00 00 00 00 00 00 00 00 00 00 00 00 00 00 00 00 00 00 00 00 00 00 00 00 00 00 00 00 00 00 F0 9F 74 66 C4 00 00 00 88 B6 14 02 DC 01 00 00 30 AE 14 02 DC 01 00 00 C0 B0 54 B2 DB 01 00 00 74 5A 00 00 DC 0F 00 00 8B 6C 00 00 1D 04 1D 1D 40 94 78 66 C4 00 00 00 10 95 78 66 C4 00 00 00 10 95 78 66 C4 00 00 00 8C AC 18 2E C4 00 00 00 00 00 00 00 00 00 00 00 FA FA FA FF 00 00 00 00 2C 1C CF FF 28 00 00 00 D0 3B 7B 66 C4 00 00 00 D8 3B 7B 66 C4 00 00 00 D8 3B 7B 66 C4 00 00 00 00 00 00 00 00 00 00 00 00 00 00 00 00 00 00 00 00 00 00 00 00 00 00 00 00 00 00 00 00 00 00 00 00 00 00 00 00 00 00 00 00 00 00 00 00 00 00 00 00 00 00 00 00 00 00 00 00 00 00 00 00 00 00 00 00 00 00 00 00 00 00 00 40 B2 54 B2 DB 01 00 00 FA 00 00 00 64 00 00 00 C4 09 00 00 00 00 00 00 E0 F1 67 66 C4 00 00 00 88 F2 67 66 C4 00 00 00 88 F2 67 66 C4 00 00 00 7C FF 41 12 C4 00 00 00 00 00 00 00 00 00 00 00 FA FA FA FF 00 00 00 00 B8 7B 3D FF 00 00 00 00 20 81 88 65 C4 00 00 00 58 82 88 65 C4 00 00 00 58 82 88 65 C4 00 00 00 00 00 00 00 00 00 00 00 00 00 00 00 00 00 00 00 00 00 00 00 00 00 00 00 00 00 00 00 00 00 00 00 00 00 00 00 00 00 00 00 00 00 00 00 00 00 00 00 30 A0 74 66 C4 00 00 00 38 C7 14 02 DC 01 00 00 E0 BE 14 02 DC 01 00 00 C0 B3 54 B2 DB 01 00 00 FF 3D 00 00 22 03 00 00 67 4A 00 00 00 00 00 00 A0 F2 67 66 C4 00 00 00 58 F3 67 66 C4 00 00 00 58 F3 67 66 C4 00 00 00 FC FE 41 12 C4 00 00 00 00 00 00 00 00 00 00 00 5C 28 17 FF 00 00 00 00 FA FA FA FF 00 00 00 00 20 8F 1D 66 C4 00 00 00 78 90 1D 66 C4 00 00 00 78 90 1D 66 C4 00 00 00 00 00 00 00 00 00 00 00 00 00 00 00 00 00 00 00 00 00 00 00 00 00 00 00
=== Brentford (Cino: 1DBA3130110) ===
40 11 1D 19 C4 00 00 00 18 14 1D 19 C4 00 00 00 18 14 1D 19 C4 00 00 00 00 00 00 00 00 00 00 00 00 00 00 00 00 00 00 00 00 00 00 00 00 00 00 00 00 00 00 00 00 00 00 00 00 00 00 00 00 00 00 00 00 00 00 00 00 00 00 00 90 CD 06 65 C4 00 00 00 A8 BF 0E 00 DC 01 00 00 50 B7 0E 00 DC 01 00 00 C0 B8 D4 B1 DB 01 00 00 4B 56 00 00 E0 2E 00 00 8C 69 00 00 04 1D 23 1D C0 51 74 65 C4 00 00 00 98 52 74 65 C4 00 00 00 98 52 74 65 C4 00 00 00 1C EA 6A 29 C4 00 00 00 CC 19 19 2E C4 00 00 00 FF FF FF FF 00 00 00 00 13 06 E3 FF 04 00 00 00 30 89 D8 DF C3 00 00 00 08 8D D8 DF C3 00 00 00 08 8D D8 DF C3 00 00 00 00 00 00 00 00 00 00 00 00 00 00 00 00 00 00 00 00 00 00 00 00 00 00 00 00 00 00 00 00 00 00 00 00 00 00 00 00 00 00 00 00 00 00 00 00 00 00 00 10 D1 06 65 C4 00 00 00 58 D0 0E 00 DC 01 00 00 00 C8 0E 00 DC 01 00 00 40 BA D4 B1 DB 01 00 00 89 85 00 00 94 11 00 00 40 9C 00 00 00 00 00 00 00 A4 7F 2D C4 00 00 00 F8 A4 7F 2D C4 00 00 00 F8 A4 7F 2D C4 00 00 00 3C E9 6A 29 C4 00 00 00 EC 19 19 2E C4 00 00 00 FF FF FF FF 00 00 00 00 AA 5D 00 FF 04 00 00 00 30 79 D8 DF C3 00 00 00 C8 7C D8 DF C3 00 00 00 C8 7C D8 DF C3 00 00 00 00 00 00 00 00 00 00 00 00 00 00 00 00 00 00 00 00 00 00 00 00 00 00 00 00 00 00 00 00 00 00 00 00 00 00 00 00 00 00 00 00 00 00 00 00 00 00 00 D0 CB 06 65 C4 00 00 00 08 E1 0E 00 DC 01 00 00 B0 D8 0E 00 DC 01 00 00 C0 BB D4 B1 DB 01 00 00 D2 61 00 00 94 11 00 00 8F 80 00 00 1D 40 1D 1D 00 A5 7F 2D C4 00 00 00 E8 A5 7F 2D C4 00 00 00 E8 A5 7F 2D C4 00 00 00 1C EB A0 96 C5 00 00 00 0C 1A 19 2E C4 00 00 00 FF FF FF FF 00 00 00 00 23 1A E2 FF 2C 00 00 00 30 55 D8 DF C3 00 00 00 18 59 D8 DF C3 00 00 00 18 59 D8 DF C3 00 00 00 00 00 00 00 00 00 00 00 00 00 00 00 00 00 00 00 00 00 00 00 00 00 00 00 00 00 00 00 00 00 00 00 00 00 00 00 00 00 00 00 00 00 00 00 00 00 00 00 D0 CE 06 65 C4 00 00 00 B8 F1 0E 00 DC 01 00 00 60 E9 0E 00 DC 01 00 00 40 BD D4 B1 DB 01 00 00 11 37 00 00 B8 0B 00 00 4F 5E 00 00 00 00 00 00 80 53 74 65 C4 00 00 00 58 54 74 65 C4 00 00 00 58 54 74 65 C4 00 00 00 7C EA 6A 29 C4 00 00 00 2C 1A 19 2E C4 00 00 00 FF FF FF FF 00 00 00 00 95 4B 00 FF 08 00 00 00 00 00 00 00 00 00 00 00 00 00 00 00 00 00 00 00 00 00 00 00 00 00 00 00 00 00 00 00 00 00 00 00 00 00 00 00 00 00 00 00 00 00 00 00 00 00 00 00 00 00 00 00 00 00 00 00 00 00 00 00 00 00 00 00 00 00 00 00 00 00 00 00 00 00 00 00 00 00 00 00 00 00 00 00 00 00 00 00 00 00 00 00 00 00 00 00 00 00 00 00 00 00 00 00 2C 01 00 00 64 00 00 00 7C 15 00 00 00 00 00 00 00 00 00 00 00 00 00 00 00 00 00 00 00 00 00 00 00 00 00 00 00 00 00 00 5C E9 A0 96 C5 00 00 00 00 00 00 00 00 00 00 00 FA FA FA FF 00 00 00 00 B5 55 2F FF 00 00 00 00 40 14 1D 19 C4 00 00 00 E0 16 1D 19 C4 00 00 00 E0 16 1D 19 C4 00 00 00 00 00 00 00 00 00 00 00 00 00 00 00 00 00 00 00 00 00 00 00 00 00 00 00 00 00 00 00 00 00 00 00 00 00 00 00 00 00 00 00 00 00 00 00 00 00 00 00 30 CE 06 65 C4 00 00 00 68 02 0F 00 DC 01 00 00 10 FA 0E 00 DC 01 00 00 C0 BE D4 B1 DB 01 00 00 5E 4A 00 00 10 27 00 00 60 6D 00 00 1D 1C 03 1C 00 A6 7F 2D C4 00 00 00 E8 A6 7F 2D C4 00 00 00 E8 A6 7F 2D C4 00 00 00 BC EA 6A 29 C4 00 00 00 4C 1A 19 2E C4 00 00 00 F5 C8 64 FF 00 00 00 00 41 00 5F FF 00 00 00 00 20 7F 2B 65 C4 00 00 00 30 7F 2B 65 C4 00 00 00 30 7F 2B 65 C4 00 00 00 00 00 00 00 00 00 00 00 00 00 00 00 00 00 00 00 00 00 00 00 00 00 00 00 00 00 00 00 00 00 00 00 00 00 00 00 00 00 00 00 00 00 00 00 00 00 00 00 00 00 00 00 00 00 00 00 00 00 00 00 00 00 00 00 00 00 00 00 00 00 00 00 40 C0 D4 B1 DB 01 00 00 A4 0C 00 00 D5 07 00 00 41 2E 00 00 03 1E 00 00 70 35 77 65 C4 00 00 00 00 36 77 65 C4 00 00 00 00 36 77 65 C4 00 00 00 DC EB 6A 29 C4 00 00 00 6C 1A 19 2E C4 00 00 00 B5 55 2F FF 00 00 00 00 FA FA FA FF 24 00 00 00 00 CB 2F 1B C4 00 00 00 A0 CC 2F 1B C4 00 00 00 A0 CC 2F 1B C4 00 00 00 00 00 00 00 00 00 00 00 00 00 00 00 00 00 00 00 00 00 00 00 00 00 00 00
=== Arsenal (Cino: 1DBA353FBD0) ===
90 90 22 66 C4 00 00 00 90 91 22 66 C4 00 00 00 90 91 22 66 C4 00 00 00 00 00 00 00 00 00 00 00 00 00 00 00 00 00 00 00 00 00 00 00 00 00 00 00 00 00 00 00 00 00 00 00 00 00 00 00 00 00 00 00 00 00 00 00 00 00 00 00 50 9D 74 66 C4 00 00 00 08 31 14 02 DC 01 00 00 B0 28 14 02 DC 01 00 00 C0 A4 54 B2 DB 01 00 00 B9 CC 00 00 7D 0D 00 00 15 F4 00 00 1D 03 04 1D 20 03 84 66 C4 00 00 00 A8 03 84 66 C4 00 00 00 A8 03 84 66 C4 00 00 00 0C AC 18 2E C4 00 00 00 00 00 00 00 00 00 00 00 FA FA FA FF 00 00 00 00 13 06 E2 FF 28 00 00 00 50 E9 6D 66 C4 00 00 00 80 E9 6D 66 C4 00 00 00 80 E9 6D 66 C4 00 00 00 00 00 00 00 00 00 00 00 00 00 00 00 00 00 00 00 00 00 00 00 00 00 00 00 00 00 00 00 00 00 00 00 00 00 00 00 00 00 00 00 00 00 00 00 00 00 00 00 00 00 00 00 00 00 00 00 B8 41 14 02 DC 01 00 00 60 39 14 02 DC 01 00 00 40 A6 54 B2 DB 01 00 00 72 29 00 00 58 1B 00 00 44 48 00 00 04 1D 1E 1D E0 8F 78 66 C4 00 00 00 B0 90 78 66 C4 00 00 00 B0 90 78 66 C4 00 00 00 CC 2F 54 00 C4 00 00 00 00 00 00 00 00 00 00 00 FF FF FF FF 00 00 00 00 E0 62 38 FF 00 00 00 00 40 5B 26 2D C4 00 00 00 90 5D 26 2D C4 00 00 00 90 5D 26 2D C4 00 00 00 00 00 00 00 00 00 00 00 00 00 00 00 00 00 00 00 00 00 00 00 00 00 00 00 00 00 00 00 00 00 00 00 00 00 00 00 00 00 00 00 00 00 00 00 00 00 00 00 30 9E 74 66 C4 00 00 00 68 52 14 02 DC 01 00 00 10 4A 14 02 DC 01 00 00 C0 A7 54 B2 DB 01 00 00 16 67 00 00 F8 06 00 00 B4 7B 00 00 1D 1B 1D 04 60 ED 67 66 C4 00 00 00 18 EE 67 66 C4 00 00 00 18 EE 67 66 C4 00 00 00 2C 33 54 00 C4 00 00 00 00 00 00 00 00 00 00 00 F0 BB 86 FF 00 00 00 00 33 00 66 FF 20 00 00 00 E0 4A 7E 2D C4 00 00 00 C8 4C 7E 2D C4 00 00 00 C8 4C 7E 2D C4 00 00 00 00 00 00 00 00 00 00 00 00 00 00 00 00 00 00 00 00 00 00 00 00 00 00 00 80 3B 7B 66 C4 00 00 00 88 3B 7B 66 C4 00 00 00 88 3B 7B 66 C4 00 00 00 90 9D 74 66 C4 00 00 00 18 63 14 02 DC 01 00 00 C0 5A 14 02 DC 01 00 00 40 A9 54 B2 DB 01 00 00 22 89 00 00 DC 06 00 00 66 A2 00 00 1D 03 00 00 D0 04 84 66 C4 00 00 00 58 05 84 66 C4 00 00 00 58 05 84 66 C4 00 00 00 EC 42 54 00 C4 00 00 00 00 00 00 00 00 00 00 00 FA FA FA FF 00 00 00 00 B5 68 2D FF 08 00 00 00 C0 5D 26 2D C4 00 00 00 C8 5F 26 2D C4 00 00 00 C8 5F 26 2D C4 00 00 00 00 00 00 00 00 00 00 00 00 00 00 00 00 00 00 00 00 00 00 00 00 00 00 00 00 00 00 00 00 00 00 00 00 00 00 00 00 00 00 00 00 00 00 00 00 00 00 00 90 99 74 66 C4 00 00 00 C8 73 14 02 DC 01 00 00 70 6B 14 02 DC 01 00 00 C0 AA 54 B2 DB 01 00 00 B7 46 00 00 66 04 00 00 A8 61 00 00 23 1D 40 23 90 92 22 66 C4 00 00 00 78 93 22 66 C4 00 00 00 78 93 22 66 C4 00 00 00 CC 3B 54 00 C4 00 00 00 00 00 00 00 00 00 00 00 FA FA FA FF 00 00 00 00 A5 54 00 FF 20 00 00 00 A0 91 78 66 C4 00 00 00 78 92 78 66 C4 00 00 00 78 92 78 66 C4 00 00 00 00 00 00 00 00 00 00 00 00 00 00 00 00 00 00 00 00 00 00 00 00 00 00 00 00 00 00 00 00 00 00 00 00 00 00 00 00 00 00 00 00 00 00 00 00 00 00 00 D0 9E 74 66 C4 00 00 00 78 84 14 02 DC 01 00 00 20 7C 14 02 DC 01 00 00 40 AC 54 B2 DB 01 00 00 16 18 00 00 28 04 00 00 52 1B 00 00 1D 04 1D 1C F0 71 18 66 C4 00 00 00 88 72 18 66 C4 00 00 00 88 72 18 66 C4 00 00 00 0C 4C 54 00 C4 00 00 00 00 00 00 00 00 00 00 00 FA FA FA FF 00 00 00 00 B5 55 2F FF 24 00 00 00 40 60 26 2D C4 00 00 00 70 62 26 2D C4 00 00 00 70 62 26 2D C4 00 00 00 00 00 00 00 00 00 00 00 00 00 00 00 00 00 00 00 00 00 00 00 00 00 00 00 00 00 00 00 00 00 00 00 00 00 00 00 00 00 00 00 00 00 00 00 00 00 00 00 F0 9E 74 66 C4 00 00 00 28 95 14 02 DC 01 00 00 D0 8C 14 02 DC 01 00 00 C0 AD 54 B2 DB 01 00 00 7F 87 00 00 CA 06 00 00 FD A2 00 00 04 1E 00 40 80 06 84 66 C4 00 00 00 10 07 84 66 C4 00 00 00 10 07 84 66 C4 00 00 00 9C FF 41 12 C4 00 00 00 00 00 00 00 00 00 00 00 FA FA FA FF 00 00 00 00 93 45 01 FF 20 00 00 00 90 93 22 66 C4 00 00 00 90 94 22 66 C4 00 00 00 90 94 22 66 C4 00 00 00 00 00 00 00 00 00 00 00 00 00 00 00 00 00 00 00 00 00 00 00 00 00 00 00
=== Arsenal (Cino: 1DBA312F6C0) ===
40 0E 1D 19 C4 00 00 00 D0 10 1D 19 C4 00 00 00 D0 10 1D 19 C4 00 00 00 00 00 00 00 00 00 00 00 00 00 00 00 00 00 00 00 00 00 00 00 00 00 00 00 00 00 00 00 00 00 00 00 00 00 00 00 00 00 00 00 00 00 00 00 00 00 00 00 70 CB 06 65 C4 00 00 00 B8 E6 0D 00 DC 01 00 00 60 DE 0D 00 DC 01 00 00 C0 A3 D4 B1 DB 01 00 00 21 F3 00 00 C8 AF 00 00 18 73 01 00 04 00 04 04 00 9F 7F 2D C4 00 00 00 E8 9F 7F 2D C4 00 00 00 E8 9F 7F 2D C4 00 00 00 FC E9 A0 96 C5 00 00 00 00 00 00 00 00 00 00 00 FF FF FF FF 00 00 00 00 07 00 DB FF 00 00 00 00 90 B8 ED DF C3 00 00 00 B8 BB ED DF C3 00 00 00 B8 BB ED DF C3 00 00 00 00 00 00 00 00 00 00 00 00 00 00 00 00 00 00 00 00 00 00 00 00 00 00 00 00 00 00 00 00 00 00 00 00 00 00 00 00 00 00 00 00 00 00 00 00 00 00 00 B0 D2 06 65 C4 00 00 00 68 F7 0D 00 DC 01 00 00 10 EF 0D 00 DC 01 00 00 40 A5 D4 B1 DB 01 00 00 97 AE 00 00 A8 61 00 00 D8 D6 00 00 1D 23 04 1D 00 A0 7F 2D C4 00 00 00 E8 A0 7F 2D C4 00 00 00 E8 A0 7F 2D C4 00 00 00 3C EA A0 96 C5 00 00 00 2C 18 19 2E C4 00 00 00 E5 BE 94 FF 00 00 00 00 24 00 48 FF 24 00 00 00 00 00 00 00 00 00 00 00 00 00 00 00 00 00 00 00 00 00 00 00 00 00 00 00 00 00 00 00 00 00 00 00 00 00 00 00 00 00 00 00 00 00 00 00 00 00 00 00 00 00 00 00 00 00 00 00 00 00 00 00 00 00 00 00 00 00 00 00 00 00 00 00 00 00 00 00 00 00 00 00 00 00 00 00 00 00 00 00 00 00 00 00 00 00 00 00 00 00 00 00 00 00 00 00 A2 00 00 00 64 00 00 00 07 0E 00 00 00 00 00 00 00 00 00 00 00 00 00 00 00 00 00 00 00 00 00 00 00 00 00 00 00 00 00 00 5C E5 A0 96 C5 00 00 00 00 00 00 00 00 00 00 00 FA FA FA FF 00 00 00 00 B5 55 2F FF 00 00 00 00 00 A1 7F 2D C4 00 00 00 F0 A1 7F 2D C4 00 00 00 F0 A1 7F 2D C4 00 00 00 00 00 00 00 00 00 00 00 00 00 00 00 00 00 00 00 00 00 00 00 00 00 00 00 00 00 00 00 00 00 00 00 00 00 00 00 00 00 00 00 00 00 00 00 00 00 00 00 D0 D2 06 65 C4 00 00 00 18 08 0E 00 DC 01 00 00 C0 FF 0D 00 DC 01 00 00 C0 A6 D4 B1 DB 01 00 00 88 24 00 00 58 02 00 00 44 2F 00 00 1D 03 1D 03 C0 4A 74 65 C4 00 00 00 88 4B 74 65 C4 00 00 00 88 4B 74 65 C4 00 00 00 5C EA A0 96 C5 00 00 00 4C 18 19 2E C4 00 00 00 00 00 00 FF 00 00 00 00 00 77 FF FF 00 00 00 00 40 15 26 2D C4 00 00 00 70 17 26 2D C4 00 00 00 70 17 26 2D C4 00 00 00 00 00 00 00 00 00 00 00 00 00 00 00 00 00 00 00 00 00 00 00 00 00 00 00 00 00 00 00 00 00 00 00 00 00 00 00 00 00 00 00 00 00 00 00 00 00 00 00 F0 CE 06 65 C4 00 00 00 C8 18 0E 00 DC 01 00 00 70 10 0E 00 DC 01 00 00 40 A8 D4 B1 DB 01 00 00 55 2F 00 00 A0 0F 00 00 A8 61 00 00 03 1D 1E 03 A0 4B 74 65 C4 00 00 00 68 4C 74 65 C4 00 00 00 68 4C 74 65 C4 00 00 00 5C E8 6A 29 C4 00 00 00 6C 18 19 2E C4 00 00 00 FF FF FF FF 00 00 00 00 21 19 D7 FF 00 00 00 00 C0 4C DA 2D C4 00 00 00 00 4D DA 2D C4 00 00 00 00 4D DA 2D C4 00 00 00 00 00 00 00 00 00 00 00 00 00 00 00 00 00 00 00 00 00 00 00 00 00 00 00 00 00 00 00 00 00 00 00 00 00 00 00 00 00 00 00 00 00 00 00 00 00 00 00 F0 CA 06 65 C4 00 00 00 78 29 0E 00 DC 01 00 00 20 21 0E 00 DC 01 00 00 C0 A9 D4 B1 DB 01 00 00 DB 18 00 00 58 02 00 00 CB 28 00 00 00 00 00 00 80 4C 74 65 C4 00 00 00 58 4D 74 65 C4 00 00 00 58 4D 74 65 C4 00 00 00 0C 7B 55 DD C3 00 00 00 8C 18 19 2E C4 00 00 00 7D 3D 22 FF 00 00 00 00 FF FF FF FF 00 00 00 00 40 4D DA 2D C4 00 00 00 80 4D DA 2D C4 00 00 00 80 4D DA 2D C4 00 00 00 00 00 00 00 00 00 00 00 00 00 00 00 00 00 00 00 00 00 00 00 00 00 00 00 00 00 00 00 00 00 00 00 00 00 00 00 00 00 00 00 00 00 00 00 00 00 00 00 30 CC 06 65 C4 00 00 00 28 3A 0E 00 DC 01 00 00 D0 31 0E 00 DC 01 00 00 40 AB D4 B1 DB 01 00 00 4C 0C 00 00 20 03 00 00 35 74 00 00 40 04 1E 04 40 41 75 65 C4 00 00 00 E8 41 75 65 C4 00 00 00 E8 41 75 65 C4 00 00 00 6C 7B 55 DD C3 00 00 00 AC 18 19 2E C4 00 00 00 FF FF FF FF 00 00 00 00 00 00 00 FF 24 00 00 00 E0 6D 64 DC C3 00 00 00 28 72 64 DC C3 00 00 00 28 72 64 DC C3 00 00 00 00 00 00 00 00 00 00 00 00 00 00 00 00 00 00 00 00 00 00 00 00 00 00 00
=== Aston Villa (Cino: 1DBA353FD30) ===
40 5B 26 2D C4 00 00 00 90 5D 26 2D C4 00 00 00 90 5D 26 2D C4 00 00 00 00 00 00 00 00 00 00 00 00 00 00 00 00 00 00 00 00 00 00 00 00 00 00 00 00 00 00 00 00 00 00 00 00 00 00 00 00 00 00 00 00 00 00 00 00 00 00 00 30 9E 74 66 C4 00 00 00 68 52 14 02 DC 01 00 00 10 4A 14 02 DC 01 00 00 C0 A7 54 B2 DB 01 00 00 16 67 00 00 F8 06 00 00 B4 7B 00 00 1D 1B 1D 04 60 ED 67 66 C4 00 00 00 18 EE 67 66 C4 00 00 00 18 EE 67 66 C4 00 00 00 2C 33 54 00 C4 00 00 00 00 00 00 00 00 00 00 00 F0 BB 86 FF 00 00 00 00 33 00 66 FF 20 00 00 00 E0 4A 7E 2D C4 00 00 00 C8 4C 7E 2D C4 00 00 00 C8 4C 7E 2D C4 00 00 00 00 00 00 00 00 00 00 00 00 00 00 00 00 00 00 00 00 00 00 00 00 00 00 00 80 3B 7B 66 C4 00 00 00 88 3B 7B 66 C4 00 00 00 88 3B 7B 66 C4 00 00 00 90 9D 74 66 C4 00 00 00 18 63 14 02 DC 01 00 00 C0 5A 14 02 DC 01 00 00 40 A9 54 B2 DB 01 00 00 22 89 00 00 DC 06 00 00 66 A2 00 00 1D 03 00 00 D0 04 84 66 C4 00 00 00 58 05 84 66 C4 00 00 00 58 05 84 66 C4 00 00 00 EC 42 54 00 C4 00 00 00 00 00 00 00 00 00 00 00 FA FA FA FF 00 00 00 00 B5 68 2D FF 08 00 00 00 C0 5D 26 2D C4 00 00 00 C8 5F 26 2D C4 00 00 00 C8 5F 26 2D C4 00 00 00 00 00 00 00 00 00 00 00 00 00 00 00 00 00 00 00 00 00 00 00 00 00 00 00 00 00 00 00 00 00 00 00 00 00 00 00 00 00 00 00 00 00 00 00 00 00 00 00 90 99 74 66 C4 00 00 00 C8 73 14 02 DC 01 00 00 70 6B 14 02 DC 01 00 00 C0 AA 54 B2 DB 01 00 00 B7 46 00 00 66 04 00 00 A8 61 00 00 23 1D 40 23 90 92 22 66 C4 00 00 00 78 93 22 66 C4 00 00 00 78 93 22 66 C4 00 00 00 CC 3B 54 00 C4 00 00 00 00 00 00 00 00 00 00 00 FA FA FA FF 00 00 00 00 A5 54 00 FF 20 00 00 00 A0 91 78 66 C4 00 00 00 78 92 78 66 C4 00 00 00 78 92 78 66 C4 00 00 00 00 00 00 00 00 00 00 00 00 00 00 00 00 00 00 00 00 00 00 00 00 00 00 00 00 00 00 00 00 00 00 00 00 00 00 00 00 00 00 00 00 00 00 00 00 00 00 00 D0 9E 74 66 C4 00 00 00 78 84 14 02 DC 01 00 00 20 7C 14 02 DC 01 00 00 40 AC 54 B2 DB 01 00 00 16 18 00 00 28 04 00 00 52 1B 00 00 1D 04 1D 1C F0 71 18 66 C4 00 00 00 88 72 18 66 C4 00 00 00 88 72 18 66 C4 00 00 00 0C 4C 54 00 C4 00 00 00 00 00 00 00 00 00 00 00 FA FA FA FF 00 00 00 00 B5 55 2F FF 24 00 00 00 40 60 26 2D C4 00 00 00 70 62 26 2D C4 00 00 00 70 62 26 2D C4 00 00 00 00 00 00 00 00 00 00 00 00 00 00 00 00 00 00 00 00 00 00 00 00 00 00 00 00 00 00 00 00 00 00 00 00 00 00 00 00 00 00 00 00 00 00 00 00 00 00 00 F0 9E 74 66 C4 00 00 00 28 95 14 02 DC 01 00 00 D0 8C 14 02 DC 01 00 00 C0 AD 54 B2 DB 01 00 00 7F 87 00 00 CA 06 00 00 FD A2 00 00 04 1E 00 40 80 06 84 66 C4 00 00 00 10 07 84 66 C4 00 00 00 10 07 84 66 C4 00 00 00 9C FF 41 12 C4 00 00 00 00 00 00 00 00 00 00 00 FA FA FA FF 00 00 00 00 93 45 01 FF 20 00 00 00 90 93 22 66 C4 00 00 00 90 94 22 66 C4 00 00 00 90 94 22 66 C4 00 00 00 00 00 00 00 00 00 00 00 00 00 00 00 00 00 00 00 00 00 00 00 00 00 00 00 00 00 00 00 00 00 00 00 00 00 00 00 00 00 00 00 00 00 00 00 00 00 00 00 70 9F 74 66 C4 00 00 00 D8 A5 14 02 DC 01 00 00 80 9D 14 02 DC 01 00 00 40 AF 54 B2 DB 01 00 00 8C 50 00 00 56 08 00 00 08 5B 00 00 04 1D 04 04 60 93 78 66 C4 00 00 00 30 94 78 66 C4 00 00 00 30 94 78 66 C4 00 00 00 6C 4C 54 00 C4 00 00 00 00 00 00 00 00 00 00 00 FA FA FA FF 00 00 00 00 E1 B2 7A FF 28 00 00 00 A0 8D 1D 66 C4 00 00 00 20 8F 1D 66 C4 00 00 00 20 8F 1D 66 C4 00 00 00 00 00 00 00 00 00 00 00 00 00 00 00 00 00 00 00 00 00 00 00 00 00 00 00 00 00 00 00 00 00 00 00 00 00 00 00 00 00 00 00 00 00 00 00 00 00 00 00 F0 9F 74 66 C4 00 00 00 88 B6 14 02 DC 01 00 00 30 AE 14 02 DC 01 00 00 C0 B0 54 B2 DB 01 00 00 74 5A 00 00 DC 0F 00 00 8B 6C 00 00 1D 04 1D 1D 40 94 78 66 C4 00 00 00 10 95 78 66 C4 00 00 00 10 95 78 66 C4 00 00 00 8C AC 18 2E C4 00 00 00 00 00 00 00 00 00 00 00 FA FA FA FF 00 00 00 00 2C 1C CF FF 28 00 00 00 D0 3B 7B 66 C4 00 00 00 D8 3B 7B 66 C4 00 00 00 D8 3B 7B 66 C4 00 00 00 00 00 00 00 00 00 00 00 00 00 00 00 00 00 00 00 00 00 00 00 00 00 00 00
=== Brighton & Hove Albion (Cino: 1DBA31301C0) ===
30 89 D8 DF C3 00 00 00 08 8D D8 DF C3 00 00 00 08 8D D8 DF C3 00 00 00 00 00 00 00 00 00 00 00 00 00 00 00 00 00 00 00 00 00 00 00 00 00 00 00 00 00 00 00 00 00 00 00 00 00 00 00 00 00 00 00 00 00 00 00 00 00 00 00 10 D1 06 65 C4 00 00 00 58 D0 0E 00 DC 01 00 00 00 C8 0E 00 DC 01 00 00 40 BA D4 B1 DB 01 00 00 89 85 00 00 94 11 00 00 40 9C 00 00 00 00 00 00 00 A4 7F 2D C4 00 00 00 F8 A4 7F 2D C4 00 00 00 F8 A4 7F 2D C4 00 00 00 3C E9 6A 29 C4 00 00 00 EC 19 19 2E C4 00 00 00 FF FF FF FF 00 00 00 00 AA 5D 00 FF 04 00 00 00 30 79 D8 DF C3 00 00 00 C8 7C D8 DF C3 00 00 00 C8 7C D8 DF C3 00 00 00 00 00 00 00 00 00 00 00 00 00 00 00 00 00 00 00 00 00 00 00 00 00 00 00 00 00 00 00 00 00 00 00 00 00 00 00 00 00 00 00 00 00 00 00 00 00 00 00 D0 CB 06 65 C4 00 00 00 08 E1 0E 00 DC 01 00 00 B0 D8 0E 00 DC 01 00 00 C0 BB D4 B1 DB 01 00 00 D2 61 00 00 94 11 00 00 8F 80 00 00 1D 40 1D 1D 00 A5 7F 2D C4 00 00 00 E8 A5 7F 2D C4 00 00 00 E8 A5 7F 2D C4 00 00 00 1C EB A0 96 C5 00 00 00 0C 1A 19 2E C4 00 00 00 FF FF FF FF 00 00 00 00 23 1A E2 FF 2C 00 00 00 30 55 D8 DF C3 00 00 00 18 59 D8 DF C3 00 00 00 18 59 D8 DF C3 00 00 00 00 00 00 00 00 00 00 00 00 00 00 00 00 00 00 00 00 00 00 00 00 00 00 00 00 00 00 00 00 00 00 00 00 00 00 00 00 00 00 00 00 00 00 00 00 00 00 00 D0 CE 06 65 C4 00 00 00 B8 F1 0E 00 DC 01 00 00 60 E9 0E 00 DC 01 00 00 40 BD D4 B1 DB 01 00 00 11 37 00 00 B8 0B 00 00 4F 5E 00 00 00 00 00 00 80 53 74 65 C4 00 00 00 58 54 74 65 C4 00 00 00 58 54 74 65 C4 00 00 00 7C EA 6A 29 C4 00 00 00 2C 1A 19 2E C4 00 00 00 FF FF FF FF 00 00 00 00 95 4B 00 FF 08 00 00 00 00 00 00 00 00 00 00 00 00 00 00 00 00 00 00 00 00 00 00 00 00 00 00 00 00 00 00 00 00 00 00 00 00 00 00 00 00 00 00 00 00 00 00 00 00 00 00 00 00 00 00 00 00 00 00 00 00 00 00 00 00 00 00 00 00 00 00 00 00 00 00 00 00 00 00 00 00 00 00 00 00 00 00 00 00 00 00 00 00 00 00 00 00 00 00 00 00 00 00 00 00 00 00 00 2C 01 00 00 64 00 00 00 7C 15 00 00 00 00 00 00 00 00 00 00 00 00 00 00 00 00 00 00 00 00 00 00 00 00 00 00 00 00 00 00 5C E9 A0 96 C5 00 00 00 00 00 00 00 00 00 00 00 FA FA FA FF 00 00 00 00 B5 55 2F FF 00 00 00 00 40 14 1D 19 C4 00 00 00 E0 16 1D 19 C4 00 00 00 E0 16 1D 19 C4 00 00 00 00 00 00 00 00 00 00 00 00 00 00 00 00 00 00 00 00 00 00 00 00 00 00 00 00 00 00 00 00 00 00 00 00 00 00 00 00 00 00 00 00 00 00 00 00 00 00 00 30 CE 06 65 C4 00 00 00 68 02 0F 00 DC 01 00 00 10 FA 0E 00 DC 01 00 00 C0 BE D4 B1 DB 01 00 00 5E 4A 00 00 10 27 00 00 60 6D 00 00 1D 1C 03 1C 00 A6 7F 2D C4 00 00 00 E8 A6 7F 2D C4 00 00 00 E8 A6 7F 2D C4 00 00 00 BC EA 6A 29 C4 00 00 00 4C 1A 19 2E C4 00 00 00 F5 C8 64 FF 00 00 00 00 41 00 5F FF 00 00 00 00 20 7F 2B 65 C4 00 00 00 30 7F 2B 65 C4 00 00 00 30 7F 2B 65 C4 00 00 00 00 00 00 00 00 00 00 00 00 00 00 00 00 00 00 00 00 00 00 00 00 00 00 00 00 00 00 00 00 00 00 00 00 00 00 00 00 00 00 00 00 00 00 00 00 00 00 00 00 00 00 00 00 00 00 00 00 00 00 00 00 00 00 00 00 00 00 00 00 00 00 00 40 C0 D4 B1 DB 01 00 00 A4 0C 00 00 D5 07 00 00 41 2E 00 00 03 1E 00 00 70 35 77 65 C4 00 00 00 00 36 77 65 C4 00 00 00 00 36 77 65 C4 00 00 00 DC EB 6A 29 C4 00 00 00 6C 1A 19 2E C4 00 00 00 B5 55 2F FF 00 00 00 00 FA FA FA FF 24 00 00 00 00 CB 2F 1B C4 00 00 00 A0 CC 2F 1B C4 00 00 00 A0 CC 2F 1B C4 00 00 00 00 00 00 00 00 00 00 00 00 00 00 00 00 00 00 00 00 00 00 00 00 00 00 00 00 00 00 00 00 00 00 00 00 00 00 00 00 00 00 00 00 00 00 00 00 00 00 00 F0 CB 06 65 C4 00 00 00 18 13 0F 00 DC 01 00 00 C0 0A 0F 00 DC 01 00 00 C0 C1 D4 B1 DB 01 00 00 AF 40 00 00 D0 07 00 00 5D 7D 00 00 03 1D 03 07 00 A7 7F 2D C4 00 00 00 E8 A7 7F 2D C4 00 00 00 E8 A7 7F 2D C4 00 00 00 9C EA 6A 29 C4 00 00 00 8C 1A 19 2E C4 00 00 00 00 00 00 FF 00 00 00 00 00 9D FF FF 26 00 00 00 00 48 75 65 C4 00 00 00 C0 48 75 65 C4 00 00 00 C0 48 75 65 C4 00 00 00 00 00 00 00 00 00 00 00 00 00 00 00 00 00 00 00 00 00 00 00 00 00 00 00
=== Blackburn Rovers (Cino: 1DBA354ABD0) ===
80 BE 79 66 C4 00 00 00 00 BF 79 66 C4 00 00 00 00 BF 79 66 C4 00 00 00 00 00 00 00 00 00 00 00 00 00 00 00 00 00 00 00 00 00 00 00 00 00 00 00 00 00 00 00 00 00 00 00 00 00 00 00 00 00 00 00 00 00 00 00 00 00 00 00 F0 A8 74 66 C4 00 00 00 88 E2 18 02 DC 01 00 00 30 DA 18 02 DC 01 00 00 40 FC 55 B2 DB 01 00 00 23 08 00 00 58 02 00 00 ED 09 00 00 1E 1B 00 00 30 AB 76 66 C4 00 00 00 98 AB 76 66 C4 00 00 00 98 AB 76 66 C4 00 00 00 8C 55 54 00 C4 00 00 00 00 00 00 00 00 00 00 00 FA FA FA FF 00 00 00 00 B5 55 2F FF 00 00 00 00 00 00 00 00 00 00 00 00 00 00 00 00 00 00 00 00 00 00 00 00 00 00 00 00 00 00 00 00 00 00 00 00 00 00 00 00 00 00 00 00 00 00 00 00 00 00 00 00 00 00 00 00 00 00 00 00 00 00 00 00 00 00 00 00 00 00 00 00 00 00 00 00 00 00 00 00 00 00 00 00 00 00 00 00 00 00 00 00 00 00 00 00 00 00 00 00 C0 FD 55 B2 DB 01 00 00 A0 00 00 00 50 00 00 00 C4 09 00 00 00 00 00 00 00 BF 79 66 C4 00 00 00 78 BF 79 66 C4 00 00 00 78 BF 79 66 C4 00 00 00 00 00 00 00 00 00 00 00 00 00 00 00 00 00 00 00 40 8E 40 FF 00 00 00 00 FA FA FA FF 00 00 00 00 00 00 00 00 00 00 00 00 00 00 00 00 00 00 00 00 00 00 00 00 00 00 00 00 00 00 00 00 00 00 00 00 00 00 00 00 00 00 00 00 00 00 00 00 00 00 00 00 00 00 00 00 00 00 00 00 00 00 00 00 00 00 00 00 00 00 00 00 00 00 00 00 00 00 00 00 00 00 00 00 00 00 00 00 00 00 00 00 00 00 00 00 00 00 00 00 40 FF 55 B2 DB 01 00 00 A2 00 00 00 64 00 00 00 C4 09 00 00 00 00 00 00 D0 0A 57 66 C4 00 00 00 28 0B 57 66 C4 00 00 00 28 0B 57 66 C4 00 00 00 3C 1F 54 12 C4 00 00 00 00 00 00 00 00 00 00 00 00 00 00 00 00 00 00 00 00 00 00 00 00 00 00 00 00 00 00 00 00 00 00 00 00 00 00 00 00 00 00 00 00 00 00 00 00 00 00 00 00 00 00 00 00 00 00 00 00 00 00 00 00 00 00 00 00 00 00 00 00 00 00 00 00 00 00 00 00 00 00 00 00 00 00 00 00 00 00 00 00 00 00 00 00 00 00 00 00 00 00 00 00 00 00 00 00 00 00 00 00 00 00 00 00 00 00 00 00 00 00 00 C0 00 56 B2 DB 01 00 00 90 01 00 00 C8 00 00 00 C4 09 00 00 1D 00 00 00 80 BF 79 66 C4 00 00 00 F8 BF 79 66 C4 00 00 00 F8 BF 79 66 C4 00 00 00 00 00 00 00 00 00 00 00 00 00 00 00 00 00 00 00 21 20 1E FF 00 00 00 00 4B 8C 3E FF 00 00 00 00 00 00 00 00 00 00 00 00 00 00 00 00 00 00 00 00 00 00 00 00 00 00 00 00 00 00 00 00 00 00 00 00 00 00 00 00 00 00 00 00 00 00 00 00 00 00 00 00 00 00 00 00 00 00 00 00 00 00 00 00 00 00 00 00 00 00 00 00 00 00 00 00 00 00 00 00 00 00 00 00 00 00 00 00 00 00 00 00 00 00 00 00 00 00 00 00 40 02 56 B2 DB 01 00 00 FA 00 00 00 64 00 00 00 BD 1F 00 00 00 00 00 00 10 F9 6D 66 C4 00 00 00 40 F9 6D 66 C4 00 00 00 40 F9 6D 66 C4 00 00 00 00 00 00 00 00 00 00 00 00 00 00 00 00 00 00 00 FA FA FA FF 00 00 00 00 53 B8 53 FF 00 00 00 00 00 00 00 00 00 00 00 00 00 00 00 00 00 00 00 00 00 00 00 00 00 00 00 00 00 00 00 00 00 00 00 00 00 00 00 00 00 00 00 00 00 00 00 00 00 00 00 00 00 00 00 00 00 00 00 00 00 00 00 00 00 00 00 00 00 00 00 00 00 00 00 00 00 00 00 00 00 00 00 00 00 00 00 00 00 00 00 00 00 00 00 00 00 00 00 00 00 00 00 00 00 00 00 00 FA 00 00 00 64 00 00 00 52 1C 00 00 00 00 00 00 00 00 00 00 00 00 00 00 00 00 00 00 00 00 00 00 00 00 00 00 00 00 00 00 00 00 00 00 00 00 00 00 00 00 00 00 00 00 00 00 FA FA FA FF 00 00 00 00 30 25 9E FF 00 00 00 00 00 00 00 00 00 00 00 00 00 00 00 00 00 00 00 00 00 00 00 00 00 00 00 00 00 00 00 00 00 00 00 00 00 00 00 00 00 00 00 00 00 00 00 00 00 00 00 00 00 00 00 00 00 00 00 00 00 00 00 00 00 00 00 00 00 00 00 00 00 00 00 00 00 00 00 00 00 00 00 00 00 00 00 00 00 00 00 00 00 00 00 00 00 00 00 00 C0 03 56 B2 DB 01 00 00 FA 00 00 00 64 00 00 00 6A 18 00 00 00 00 00 00 A0 AB 76 66 C4 00 00 00 08 AC 76 66 C4 00 00 00 08 AC 76 66 C4 00 00 00 00 00 00 00 00 00 00 00 00 00 00 00 00 00 00 00 24 24 D4 FF 00 00 00 00 21 20 1E FF 00 00 00 00 00 00 00 00 00 00 00 00 00 00 00 00 00 00 00 00 00 00 00 00 00 00 00 00 00 00 00 00 00 00 00 00 00 00 00 00 00 00 00 00 00 00 00 00 00 00 00 00
=== Blackburn Rovers (Cino: 1DBA312FDA0) ===
50 50 41 2D C4 00 00 00 D0 51 41 2D C4 00 00 00 D0 51 41 2D C4 00 00 00 00 00 00 00 00 00 00 00 00 00 00 00 00 00 00 00 00 00 00 00 00 00 00 00 00 00 00 00 00 00 00 00 00 00 00 00 00 00 00 00 00 00 00 00 00 00 00 00 70 CD 06 65 C4 00 00 00 38 6C 0E 00 DC 01 00 00 E0 63 0E 00 DC 01 00 00 40 B1 D4 B1 DB 01 00 00 4A 62 00 00 64 19 00 00 C8 8B 00 00 1D 04 3F 04 40 4E 74 65 C4 00 00 00 10 4F 74 65 C4 00 00 00 10 4F 74 65 C4 00 00 00 DC E7 6A 29 C4 00 00 00 2C 19 19 2E C4 00 00 00 FF FF FF FF 00 00 00 00 9C 5E 00 FF 00 00 00 00 40 C9 2F 1B C4 00 00 00 F8 CA 2F 1B C4 00 00 00 F8 CA 2F 1B C4 00 00 00 00 00 00 00 00 00 00 00 00 00 00 00 00 00 00 00 00 00 00 00 00 00 00 00 00 00 00 00 00 00 00 00 00 00 00 00 00 00 00 00 00 00 00 00 00 00 00 00 50 CB 06 65 C4 00 00 00 E8 7C 0E 00 DC 01 00 00 90 74 0E 00 DC 01 00 00 C0 B2 D4 B1 DB 01 00 00 20 3B 00 00 AC 0D 00 00 06 66 00 00 1D 1B 04 1D 20 4F 74 65 C4 00 00 00 00 50 74 65 C4 00 00 00 00 50 74 65 C4 00 00 00 FC E8 6A 29 C4 00 00 00 4C 19 19 2E C4 00 00 00 FF FF FF FF 00 00 00 00 12 87 F6 FF 08 00 00 00 C0 17 26 2D C4 00 00 00 40 1A 26 2D C4 00 00 00 40 1A 26 2D C4 00 00 00 00 00 00 00 00 00 00 00 00 00 00 00 00 00 00 00 00 00 00 00 00 00 00 00 00 00 00 00 00 00 00 00 00 00 00 00 00 00 00 00 00 00 00 00 00 00 00 00 B0 CB 06 65 C4 00 00 00 98 8D 0E 00 DC 01 00 00 40 85 0E 00 DC 01 00 00 40 B4 D4 B1 DB 01 00 00 48 64 00 00 B8 0B 00 00 C4 86 00 00 00 00 00 00 00 50 74 65 C4 00 00 00 D8 50 74 65 C4 00 00 00 D8 50 74 65 C4 00 00 00 8C 7B 55 DD C3 00 00 00 6C 19 19 2E C4 00 00 00 7E 3C 26 FF 00 00 00 00 FF FF FF FF 00 00 00 00 00 50 DA 2D C4 00 00 00 38 50 DA 2D C4 00 00 00 38 50 DA 2D C4 00 00 00 00 00 00 00 00 00 00 00 00 00 00 00 00 00 00 00 00 00 00 00 00 00 00 00 00 00 00 00 00 00 00 00 00 00 00 00 00 00 00 00 00 00 00 00 00 00 00 00 D0 CD 06 65 C4 00 00 00 48 9E 0E 00 DC 01 00 00 F0 95 0E 00 DC 01 00 00 C0 B5 D4 B1 DB 01 00 00 F9 0A 00 00 E8 03 00 00 06 1C 00 00 1D 04 40 1C 80 43 75 65 C4 00 00 00 38 44 75 65 C4 00 00 00 38 44 75 65 C4 00 00 00 BC EA A0 96 C5 00 00 00 8C 19 19 2E C4 00 00 00 20 1F 23 FF 00 00 00 00 07 C7 FB FF 04 00 00 00 E0 EA 7D 2D C4 00 00 00 E0 EC 7D 2D C4 00 00 00 E0 EC 7D 2D C4 00 00 00 00 00 00 00 00 00 00 00 00 00 00 00 00 00 00 00 00 00 00 00 00 00 00 00 00 00 00 00 00 00 00 00 00 00 00 00 00 00 00 00 00 00 00 00 00 00 00 00 90 CE 06 65 C4 00 00 00 F8 AE 0E 00 DC 01 00 00 A0 A6 0E 00 DC 01 00 00 40 B7 D4 B1 DB 01 00 00 B2 4A 00 00 B8 0B 00 00 A8 61 00 00 03 04 04 03 E0 50 74 65 C4 00 00 00 B8 51 74 65 C4 00 00 00 B8 51 74 65 C4 00 00 00 BC E9 6A 29 C4 00 00 00 AC 19 19 2E C4 00 00 00 26 9B F9 FF 00 00 00 00 33 06 6C FF 2C 00 00 00 40 11 1D 19 C4 00 00 00 18 14 1D 19 C4 00 00 00 18 14 1D 19 C4 00 00 00 00 00 00 00 00 00 00 00 00 00 00 00 00 00 00 00 00 00 00 00 00 00 00 00 00 00 00 00 00 00 00 00 00 00 00 00 00 00 00 00 00 00 00 00 00 00 00 00 90 CD 06 65 C4 00 00 00 A8 BF 0E 00 DC 01 00 00 50 B7 0E 00 DC 01 00 00 C0 B8 D4 B1 DB 01 00 00 4B 56 00 00 E0 2E 00 00 8C 69 00 00 04 1D 23 1D C0 51 74 65 C4 00 00 00 98 52 74 65 C4 00 00 00 98 52 74 65 C4 00 00 00 1C EA 6A 29 C4 00 00 00 CC 19 19 2E C4 00 00 00 FF FF FF FF 00 00 00 00 13 06 E3 FF 04 00 00 00 30 89 D8 DF C3 00 00 00 08 8D D8 DF C3 00 00 00 08 8D D8 DF C3 00 00 00 00 00 00 00 00 00 00 00 00 00 00 00 00 00 00 00 00 00 00 00 00 00 00 00 00 00 00 00 00 00 00 00 00 00 00 00 00 00 00 00 00 00 00 00 00 00 00 00 10 D1 06 65 C4 00 00 00 58 D0 0E 00 DC 01 00 00 00 C8 0E 00 DC 01 00 00 40 BA D4 B1 DB 01 00 00 89 85 00 00 94 11 00 00 40 9C 00 00 00 00 00 00 00 A4 7F 2D C4 00 00 00 F8 A4 7F 2D C4 00 00 00 F8 A4 7F 2D C4 00 00 00 3C E9 6A 29 C4 00 00 00 EC 19 19 2E C4 00 00 00 FF FF FF FF 00 00 00 00 AA 5D 00 FF 04 00 00 00 30 79 D8 DF C3 00 00 00 C8 7C D8 DF C3 00 00 00 C8 7C D8 DF C3 00 00 00 00 00 00 00 00 00 00 00 00 00 00 00 00 00 00 00 00 00 00 00 00 00 00 00
=== Brentford (Cino: 1DBA35F3170) ===
70 DB 9F 66 C4 00 00 00 78 DB 9F 66 C4 00 00 00 78 DB 9F 66 C4 00 00 00 00 00 00 00 00 00 00 00 00 00 00 00 00 00 00 00 00 00 00 00 00 00 00 00 00 00 00 00 00 00 00 00 00 00 00 00 00 00 00 00 00 00 00 00 00 00 00 00 00 00 00 00 00 00 00 00 00 00 00 00 00 00 00 00 00 00 00 00 00 00 00 00 C0 06 6B B2 DB 01 00 00 FA 00 00 00 64 00 00 00 C4 09 00 00 00 00 00 00 80 2E 7A 66 C4 00 00 00 00 2F 7A 66 C4 00 00 00 00 2F 7A 66 C4 00 00 00 CC B3 59 00 C4 00 00 00 4C 55 19 2E C4 00 00 00 FA FA FA FF 00 00 00 00 2C 1C CF FF 00 00 00 00 00 00 00 00 00 00 00 00 00 00 00 00 00 00 00 00 00 00 00 00 00 00 00 00 00 00 00 00 00 00 00 00 00 00 00 00 00 00 00 00 00 00 00 00 00 00 00 00 00 00 00 00 00 00 00 00 00 00 00 00 00 00 00 00 00 00 00 00 00 00 00 00 00 00 00 00 00 00 00 00 00 00 00 00 00 00 00 00 00 00 00 00 00 00 00 00 40 08 6B B2 DB 01 00 00 FA 00 00 00 64 00 00 00 F9 15 00 00 00 00 00 00 00 00 00 00 00 00 00 00 00 00 00 00 00 00 00 00 00 00 00 00 00 00 00 00 00 00 00 00 00 00 00 00 00 00 00 00 00 00 00 00 71 B5 3C FF 00 00 00 00 FA FA FA FF 00 00 00 00 00 00 00 00 00 00 00 00 00 00 00 00 00 00 00 00 00 00 00 00 00 00 00 00 00 00 00 00 00 00 00 00 00 00 00 00 00 00 00 00 00 00 00 00 00 00 00 00 00 00 00 00 00 00 00 00 00 00 00 00 00 00 00 00 00 00 00 00 00 00 00 00 00 00 00 00 00 00 00 00 00 00 00 00 00 00 00 00 00 00 00 00 00 00 00 00 C0 09 6B B2 DB 01 00 00 FA 00 00 00 64 00 00 00 35 0C 00 00 00 00 00 00 00 00 00 00 00 00 00 00 00 00 00 00 00 00 00 00 00 00 00 00 00 00 00 00 00 00 00 00 00 00 00 00 00 00 00 00 00 00 00 00 71 B5 3C FF 00 00 00 00 24 24 D4 FF 00 00 00 00 00 00 00 00 00 00 00 00 00 00 00 00 00 00 00 00 00 00 00 00 00 00 00 00 00 00 00 00 00 00 00 00 00 00 00 00 00 00 00 00 00 00 00 00 00 00 00 00 00 00 00 00 00 00 00 00 00 00 00 00 00 00 00 00 00 00 00 00 00 00 00 00 00 00 00 00 00 00 00 00 00 00 00 00 00 00 00 00 00 00 00 00 00 00 00 00 40 0B 6B B2 DB 01 00 00 FA 00 00 00 64 00 00 00 F9 15 00 00 00 00 00 00 50 E8 A7 66 C4 00 00 00 B0 E8 A7 66 C4 00 00 00 B0 E8 A7 66 C4 00 00 00 00 00 00 00 00 00 00 00 00 00 00 00 00 00 00 00 D9 4E 32 FF 00 00 00 00 FA FA FA FF 00 00 00 00 A0 DB 9F 66 C4 00 00 00 A8 DB 9F 66 C4 00 00 00 A8 DB 9F 66 C4 00 00 00 00 00 00 00 00 00 00 00 00 00 00 00 00 00 00 00 00 00 00 00 00 00 00 00 00 00 00 00 00 00 00 00 00 00 00 00 00 00 00 00 00 00 00 00 00 00 00 00 00 00 00 00 00 00 00 00 00 00 00 00 00 00 00 00 00 00 00 00 00 00 00 00 C0 0C 6B B2 DB 01 00 00 FA 00 00 00 64 00 00 00 6A 18 00 00 00 00 00 00 B0 E8 A7 66 C4 00 00 00 10 E9 A7 66 C4 00 00 00 10 E9 A7 66 C4 00 00 00 00 00 00 00 00 00 00 00 00 00 00 00 00 00 00 00 00 00 00 FF 00 00 00 00 00 D9 FF FF 00 00 00 00 00 00 00 00 00 00 00 00 00 00 00 00 00 00 00 00 00 00 00 00 00 00 00 00 00 00 00 00 00 00 00 00 00 00 00 00 00 00 00 00 00 00 00 00 00 00 00 00 00 00 00 00 00 00 00 00 00 00 00 00 00 00 00 00 00 00 00 00 00 00 00 00 00 00 00 00 00 00 00 00 00 00 00 00 00 00 00 00 00 00 00 00 00 00 00 00 40 0E 6B B2 DB 01 00 00 FA 00 00 00 64 00 00 00 5E 1A 00 00 00 00 00 00 80 12 9A 66 C4 00 00 00 C8 12 9A 66 C4 00 00 00 C8 12 9A 66 C4 00 00 00 00 00 00 00 00 00 00 00 00 00 00 00 00 00 00 00 DB E6 67 FF 00 00 00 00 21 20 1E FF 00 00 00 00 00 00 00 00 00 00 00 00 00 00 00 00 00 00 00 00 00 00 00 00 00 00 00 00 00 00 00 00 00 00 00 00 00 00 00 00 00 00 00 00 00 00 00 00 00 00 00 00 00 00 00 00 00 00 00 00 00 00 00 00 00 00 00 00 00 00 00 00 00 00 00 00 00 00 00 00 00 00 00 00 00 00 00 00 00 00 00 00 00 00 00 00 00 00 00 00 C0 0F 6B B2 DB 01 00 00 FA 00 00 00 64 00 00 00 70 17 00 00 00 00 00 00 D0 12 9A 66 C4 00 00 00 18 13 9A 66 C4 00 00 00 18 13 9A 66 C4 00 00 00 00 00 00 00 00 00 00 00 00 00 00 00 00 00 00 00 FA FA FA FF 00 00 00 00 F3 88 BE FF 00 00 00 00 00 00 00 00 00 00 00 00 00 00 00 00 00 00 00 00 00 00 00 00 00 00 00 00 00 00 00 00 00 00 00 00 00 00 00 00 00 00 00 00 00 00 00 00 00 00 00 00
=== Aston Villa (Cino: 1DBA312F770) ===
90 B8 ED DF C3 00 00 00 B8 BB ED DF C3 00 00 00 B8 BB ED DF C3 00 00 00 00 00 00 00 00 00 00 00 00 00 00 00 00 00 00 00 00 00 00 00 00 00 00 00 00 00 00 00 00 00 00 00 00 00 00 00 00 00 00 00 00 00 00 00 00 00 00 00 B0 D2 06 65 C4 00 00 00 68 F7 0D 00 DC 01 00 00 10 EF 0D 00 DC 01 00 00 40 A5 D4 B1 DB 01 00 00 97 AE 00 00 A8 61 00 00 D8 D6 00 00 1D 23 04 1D 00 A0 7F 2D C4 00 00 00 E8 A0 7F 2D C4 00 00 00 E8 A0 7F 2D C4 00 00 00 3C EA A0 96 C5 00 00 00 2C 18 19 2E C4 00 00 00 E5 BE 94 FF 00 00 00 00 24 00 48 FF 24 00 00 00 00 00 00 00 00 00 00 00 00 00 00 00 00 00 00 00 00 00 00 00 00 00 00 00 00 00 00 00 00 00 00 00 00 00 00 00 00 00 00 00 00 00 00 00 00 00 00 00 00 00 00 00 00 00 00 00 00 00 00 00 00 00 00 00 00 00 00 00 00 00 00 00 00 00 00 00 00 00 00 00 00 00 00 00 00 00 00 00 00 00 00 00 00 00 00 00 00 00 00 00 00 00 00 00 A2 00 00 00 64 00 00 00 07 0E 00 00 00 00 00 00 00 00 00 00 00 00 00 00 00 00 00 00 00 00 00 00 00 00 00 00 00 00 00 00 5C E5 A0 96 C5 00 00 00 00 00 00 00 00 00 00 00 FA FA FA FF 00 00 00 00 B5 55 2F FF 00 00 00 00 00 A1 7F 2D C4 00 00 00 F0 A1 7F 2D C4 00 00 00 F0 A1 7F 2D C4 00 00 00 00 00 00 00 00 00 00 00 00 00 00 00 00 00 00 00 00 00 00 00 00 00 00 00 00 00 00 00 00 00 00 00 00 00 00 00 00 00 00 00 00 00 00 00 00 00 00 00 D0 D2 06 65 C4 00 00 00 18 08 0E 00 DC 01 00 00 C0 FF 0D 00 DC 01 00 00 C0 A6 D4 B1 DB 01 00 00 88 24 00 00 58 02 00 00 44 2F 00 00 1D 03 1D 03 C0 4A 74 65 C4 00 00 00 88 4B 74 65 C4 00 00 00 88 4B 74 65 C4 00 00 00 5C EA A0 96 C5 00 00 00 4C 18 19 2E C4 00 00 00 00 00 00 FF 00 00 00 00 00 77 FF FF 00 00 00 00 40 15 26 2D C4 00 00 00 70 17 26 2D C4 00 00 00 70 17 26 2D C4 00 00 00 00 00 00 00 00 00 00 00 00 00 00 00 00 00 00 00 00 00 00 00 00 00 00 00 00 00 00 00 00 00 00 00 00 00 00 00 00 00 00 00 00 00 00 00 00 00 00 00 F0 CE 06 65 C4 00 00 00 C8 18 0E 00 DC 01 00 00 70 10 0E 00 DC 01 00 00 40 A8 D4 B1 DB 01 00 00 55 2F 00 00 A0 0F 00 00 A8 61 00 00 03 1D 1E 03 A0 4B 74 65 C4 00 00 00 68 4C 74 65 C4 00 00 00 68 4C 74 65 C4 00 00 00 5C E8 6A 29 C4 00 00 00 6C 18 19 2E C4 00 00 00 FF FF FF FF 00 00 00 00 21 19 D7 FF 00 00 00 00 C0 4C DA 2D C4 00 00 00 00 4D DA 2D C4 00 00 00 00 4D DA 2D C4 00 00 00 00 00 00 00 00 00 00 00 00 00 00 00 00 00 00 00 00 00 00 00 00 00 00 00 00 00 00 00 00 00 00 00 00 00 00 00 00 00 00 00 00 00 00 00 00 00 00 00 F0 CA 06 65 C4 00 00 00 78 29 0E 00 DC 01 00 00 20 21 0E 00 DC 01 00 00 C0 A9 D4 B1 DB 01 00 00 DB 18 00 00 58 02 00 00 CB 28 00 00 00 00 00 00 80 4C 74 65 C4 00 00 00 58 4D 74 65 C4 00 00 00 58 4D 74 65 C4 00 00 00 0C 7B 55 DD C3 00 00 00 8C 18 19 2E C4 00 00 00 7D 3D 22 FF 00 00 00 00 FF FF FF FF 00 00 00 00 40 4D DA 2D C4 00 00 00 80 4D DA 2D C4 00 00 00 80 4D DA 2D C4 00 00 00 00 00 00 00 00 00 00 00 00 00 00 00 00 00 00 00 00 00 00 00 00 00 00 00 00 00 00 00 00 00 00 00 00 00 00 00 00 00 00 00 00 00 00 00 00 00 00 00 30 CC 06 65 C4 00 00 00 28 3A 0E 00 DC 01 00 00 D0 31 0E 00 DC 01 00 00 40 AB D4 B1 DB 01 00 00 4C 0C 00 00 20 03 00 00 35 74 00 00 40 04 1E 04 40 41 75 65 C4 00 00 00 E8 41 75 65 C4 00 00 00 E8 41 75 65 C4 00 00 00 6C 7B 55 DD C3 00 00 00 AC 18 19 2E C4 00 00 00 FF FF FF FF 00 00 00 00 00 00 00 FF 24 00 00 00 E0 6D 64 DC C3 00 00 00 28 72 64 DC C3 00 00 00 28 72 64 DC C3 00 00 00 00 00 00 00 00 00 00 00 00 00 00 00 00 00 00 00 00 00 00 00 00 00 00 00 00 7D 2B 65 C4 00 00 00 08 7D 2B 65 C4 00 00 00 08 7D 2B 65 C4 00 00 00 D0 D0 06 65 C4 00 00 00 D8 4A 0E 00 DC 01 00 00 80 42 0E 00 DC 01 00 00 C0 AC D4 B1 DB 01 00 00 79 5A 00 00 58 1B 00 00 50 C3 00 00 03 1D 1D 03 60 4D 74 65 C4 00 00 00 38 4E 74 65 C4 00 00 00 38 4E 74 65 C4 00 00 00 9C E8 6A 29 C4 00 00 00 CC 18 19 2E C4 00 00 00 FF FF FF FF 00 00 00 00 8F 3D 1E FF 20 00 00 00 10 7D 2B 65 C4 00 00 00 20 7D 2B 65 C4 00 00 00 20 7D 2B 65 C4 00 00 00 00 00 00 00 00 00 00 00 00 00 00 00 00 00 00 00 00 00 00 00 00 00 00 00
=== Brighton & Hove Albion (Cino: 1DBA353FE90) ===
C0 5D 26 2D C4 00 00 00 C8 5F 26 2D C4 00 00 00 C8 5F 26 2D C4 00 00 00 00 00 00 00 00 00 00 00 00 00 00 00 00 00 00 00 00 00 00 00 00 00 00 00 00 00 00 00 00 00 00 00 00 00 00 00 00 00 00 00 00 00 00 00 00 00 00 00 90 99 74 66 C4 00 00 00 C8 73 14 02 DC 01 00 00 70 6B 14 02 DC 01 00 00 C0 AA 54 B2 DB 01 00 00 B7 46 00 00 66 04 00 00 A8 61 00 00 23 1D 40 23 90 92 22 66 C4 00 00 00 78 93 22 66 C4 00 00 00 78 93 22 66 C4 00 00 00 CC 3B 54 00 C4 00 00 00 00 00 00 00 00 00 00 00 FA FA FA FF 00 00 00 00 A5 54 00 FF 20 00 00 00 A0 91 78 66 C4 00 00 00 78 92 78 66 C4 00 00 00 78 92 78 66 C4 00 00 00 00 00 00 00 00 00 00 00 00 00 00 00 00 00 00 00 00 00 00 00 00 00 00 00 00 00 00 00 00 00 00 00 00 00 00 00 00 00 00 00 00 00 00 00 00 00 00 00 D0 9E 74 66 C4 00 00 00 78 84 14 02 DC 01 00 00 20 7C 14 02 DC 01 00 00 40 AC 54 B2 DB 01 00 00 16 18 00 00 28 04 00 00 52 1B 00 00 1D 04 1D 1C F0 71 18 66 C4 00 00 00 88 72 18 66 C4 00 00 00 88 72 18 66 C4 00 00 00 0C 4C 54 00 C4 00 00 00 00 00 00 00 00 00 00 00 FA FA FA FF 00 00 00 00 B5 55 2F FF 24 00 00 00 40 60 26 2D C4 00 00 00 70 62 26 2D C4 00 00 00 70 62 26 2D C4 00 00 00 00 00 00 00 00 00 00 00 00 00 00 00 00 00 00 00 00 00 00 00 00 00 00 00 00 00 00 00 00 00 00 00 00 00 00 00 00 00 00 00 00 00 00 00 00 00 00 00 F0 9E 74 66 C4 00 00 00 28 95 14 02 DC 01 00 00 D0 8C 14 02 DC 01 00 00 C0 AD 54 B2 DB 01 00 00 7F 87 00 00 CA 06 00 00 FD A2 00 00 04 1E 00 40 80 06 84 66 C4 00 00 00 10 07 84 66 C4 00 00 00 10 07 84 66 C4 00 00 00 9C FF 41 12 C4 00 00 00 00 00 00 00 00 00 00 00 FA FA FA FF 00 00 00 00 93 45 01 FF 20 00 00 00 90 93 22 66 C4 00 00 00 90 94 22 66 C4 00 00 00 90 94 22 66 C4 00 00 00 00 00 00 00 00 00 00 00 00 00 00 00 00 00 00 00 00 00 00 00 00 00 00 00 00 00 00 00 00 00 00 00 00 00 00 00 00 00 00 00 00 00 00 00 00 00 00 00 70 9F 74 66 C4 00 00 00 D8 A5 14 02 DC 01 00 00 80 9D 14 02 DC 01 00 00 40 AF 54 B2 DB 01 00 00 8C 50 00 00 56 08 00 00 08 5B 00 00 04 1D 04 04 60 93 78 66 C4 00 00 00 30 94 78 66 C4 00 00 00 30 94 78 66 C4 00 00 00 6C 4C 54 00 C4 00 00 00 00 00 00 00 00 00 00 00 FA FA FA FF 00 00 00 00 E1 B2 7A FF 28 00 00 00 A0 8D 1D 66 C4 00 00 00 20 8F 1D 66 C4 00 00 00 20 8F 1D 66 C4 00 00 00 00 00 00 00 00 00 00 00 00 00 00 00 00 00 00 00 00 00 00 00 00 00 00 00 00 00 00 00 00 00 00 00 00 00 00 00 00 00 00 00 00 00 00 00 00 00 00 00 F0 9F 74 66 C4 00 00 00 88 B6 14 02 DC 01 00 00 30 AE 14 02 DC 01 00 00 C0 B0 54 B2 DB 01 00 00 74 5A 00 00 DC 0F 00 00 8B 6C 00 00 1D 04 1D 1D 40 94 78 66 C4 00 00 00 10 95 78 66 C4 00 00 00 10 95 78 66 C4 00 00 00 8C AC 18 2E C4 00 00 00 00 00 00 00 00 00 00 00 FA FA FA FF 00 00 00 00 2C 1C CF FF 28 00 00 00 D0 3B 7B 66 C4 00 00 00 D8 3B 7B 66 C4 00 00 00 D8 3B 7B 66 C4 00 00 00 00 00 00 00 00 00 00 00 00 00 00 00 00 00 00 00 00 00 00 00 00 00 00 00 00 00 00 00 00 00 00 00 00 00 00 00 00 00 00 00 00 00 00 00 00 00 00 00 00 00 00 00 00 00 00 00 00 00 00 00 00 00 00 00 00 00 00 00 00 00 00 00 40 B2 54 B2 DB 01 00 00 FA 00 00 00 64 00 00 00 C4 09 00 00 00 00 00 00 E0 F1 67 66 C4 00 00 00 88 F2 67 66 C4 00 00 00 88 F2 67 66 C4 00 00 00 7C FF 41 12 C4 00 00 00 00 00 00 00 00 00 00 00 FA FA FA FF 00 00 00 00 B8 7B 3D FF 00 00 00 00 20 81 88 65 C4 00 00 00 58 82 88 65 C4 00 00 00 58 82 88 65 C4 00 00 00 00 00 00 00 00 00 00 00 00 00 00 00 00 00 00 00 00 00 00 00 00 00 00 00 00 00 00 00 00 00 00 00 00 00 00 00 00 00 00 00 00 00 00 00 00 00 00 00 30 A0 74 66 C4 00 00 00 38 C7 14 02 DC 01 00 00 E0 BE 14 02 DC 01 00 00 C0 B3 54 B2 DB 01 00 00 FF 3D 00 00 22 03 00 00 67 4A 00 00 00 00 00 00 A0 F2 67 66 C4 00 00 00 58 F3 67 66 C4 00 00 00 58 F3 67 66 C4 00 00 00 FC FE 41 12 C4 00 00 00 00 00 00 00 00 00 00 00 5C 28 17 FF 00 00 00 00 FA FA FA FF 00 00 00 00 20 8F 1D 66 C4 00 00 00 78 90 1D 66 C4 00 00 00 78 90 1D 66 C4 00 00 00 00 00 00 00 00 00 00 00 00 00 00 00 00 00 00 00 00 00 00 00 00 00 00 00
=== Brentford (Cino: 1DBA3130110) ===
40 11 1D 19 C4 00 00 00 18 14 1D 19 C4 00 00 00 18 14 1D 19 C4 00 00 00 00 00 00 00 00 00 00 00 00 00 00 00 00 00 00 00 00 00 00 00 00 00 00 00 00 00 00 00 00 00 00 00 00 00 00 00 00 00 00 00 00 00 00 00 00 00 00 00 90 CD 06 65 C4 00 00 00 A8 BF 0E 00 DC 01 00 00 50 B7 0E 00 DC 01 00 00 C0 B8 D4 B1 DB 01 00 00 4B 56 00 00 E0 2E 00 00 8C 69 00 00 04 1D 23 1D C0 51 74 65 C4 00 00 00 98 52 74 65 C4 00 00 00 98 52 74 65 C4 00 00 00 1C EA 6A 29 C4 00 00 00 CC 19 19 2E C4 00 00 00 FF FF FF FF 00 00 00 00 13 06 E3 FF 04 00 00 00 30 89 D8 DF C3 00 00 00 08 8D D8 DF C3 00 00 00 08 8D D8 DF C3 00 00 00 00 00 00 00 00 00 00 00 00 00 00 00 00 00 00 00 00 00 00 00 00 00 00 00 00 00 00 00 00 00 00 00 00 00 00 00 00 00 00 00 00 00 00 00 00 00 00 00 10 D1 06 65 C4 00 00 00 58 D0 0E 00 DC 01 00 00 00 C8 0E 00 DC 01 00 00 40 BA D4 B1 DB 01 00 00 89 85 00 00 94 11 00 00 40 9C 00 00 00 00 00 00 00 A4 7F 2D C4 00 00 00 F8 A4 7F 2D C4 00 00 00 F8 A4 7F 2D C4 00 00 00 3C E9 6A 29 C4 00 00 00 EC 19 19 2E C4 00 00 00 FF FF FF FF 00 00 00 00 AA 5D 00 FF 04 00 00 00 30 79 D8 DF C3 00 00 00 C8 7C D8 DF C3 00 00 00 C8 7C D8 DF C3 00 00 00 00 00 00 00 00 00 00 00 00 00 00 00 00 00 00 00 00 00 00 00 00 00 00 00 00 00 00 00 00 00 00 00 00 00 00 00 00 00 00 00 00 00 00 00 00 00 00 00 D0 CB 06 65 C4 00 00 00 08 E1 0E 00 DC 01 00 00 B0 D8 0E 00 DC 01 00 00 C0 BB D4 B1 DB 01 00 00 D2 61 00 00 94 11 00 00 8F 80 00 00 1D 40 1D 1D 00 A5 7F 2D C4 00 00 00 E8 A5 7F 2D C4 00 00 00 E8 A5 7F 2D C4 00 00 00 1C EB A0 96 C5 00 00 00 0C 1A 19 2E C4 00 00 00 FF FF FF FF 00 00 00 00 23 1A E2 FF 2C 00 00 00 30 55 D8 DF C3 00 00 00 18 59 D8 DF C3 00 00 00 18 59 D8 DF C3 00 00 00 00 00 00 00 00 00 00 00 00 00 00 00 00 00 00 00 00 00 00 00 00 00 00 00 00 00 00 00 00 00 00 00 00 00 00 00 00 00 00 00 00 00 00 00 00 00 00 00 D0 CE 06 65 C4 00 00 00 B8 F1 0E 00 DC 01 00 00 60 E9 0E 00 DC 01 00 00 40 BD D4 B1 DB 01 00 00 11 37 00 00 B8 0B 00 00 4F 5E 00 00 00 00 00 00 80 53 74 65 C4 00 00 00 58 54 74 65 C4 00 00 00 58 54 74 65 C4 00 00 00 7C EA 6A 29 C4 00 00 00 2C 1A 19 2E C4 00 00 00 FF FF FF FF 00 00 00 00 95 4B 00 FF 08 00 00 00 00 00 00 00 00 00 00 00 00 00 00 00 00 00 00 00 00 00 00 00 00 00 00 00 00 00 00 00 00 00 00 00 00 00 00 00 00 00 00 00 00 00 00 00 00 00 00 00 00 00 00 00 00 00 00 00 00 00 00 00 00 00 00 00 00 00 00 00 00 00 00 00 00 00 00 00 00 00 00 00 00 00 00 00 00 00 00 00 00 00 00 00 00 00 00 00 00 00 00 00 00 00 00 00 2C 01 00 00 64 00 00 00 7C 15 00 00 00 00 00 00 00 00 00 00 00 00 00 00 00 00 00 00 00 00 00 00 00 00 00 00 00 00 00 00 5C E9 A0 96 C5 00 00 00 00 00 00 00 00 00 00 00 FA FA FA FF 00 00 00 00 B5 55 2F FF 00 00 00 00 40 14 1D 19 C4 00 00 00 E0 16 1D 19 C4 00 00 00 E0 16 1D 19 C4 00 00 00 00 00 00 00 00 00 00 00 00 00 00 00 00 00 00 00 00 00 00 00 00 00 00 00 00 00 00 00 00 00 00 00 00 00 00 00 00 00 00 00 00 00 00 00 00 00 00 00 30 CE 06 65 C4 00 00 00 68 02 0F 00 DC 01 00 00 10 FA 0E 00 DC 01 00 00 C0 BE D4 B1 DB 01 00 00 5E 4A 00 00 10 27 00 00 60 6D 00 00 1D 1C 03 1C 00 A6 7F 2D C4 00 00 00 E8 A6 7F 2D C4 00 00 00 E8 A6 7F 2D C4 00 00 00 BC EA 6A 29 C4 00 00 00 4C 1A 19 2E C4 00 00 00 F5 C8 64 FF 00 00 00 00 41 00 5F FF 00 00 00 00 20 7F 2B 65 C4 00 00 00 30 7F 2B 65 C4 00 00 00 30 7F 2B 65 C4 00 00 00 00 00 00 00 00 00 00 00 00 00 00 00 00 00 00 00 00 00 00 00 00 00 00 00 00 00 00 00 00 00 00 00 00 00 00 00 00 00 00 00 00 00 00 00 00 00 00 00 00 00 00 00 00 00 00 00 00 00 00 00 00 00 00 00 00 00 00 00 00 00 00 00 40 C0 D4 B1 DB 01 00 00 A4 0C 00 00 D5 07 00 00 41 2E 00 00 03 1E 00 00 70 35 77 65 C4 00 00 00 00 36 77 65 C4 00 00 00 00 36 77 65 C4 00 00 00 DC EB 6A 29 C4 00 00 00 6C 1A 19 2E C4 00 00 00 B5 55 2F FF 00 00 00 00 FA FA FA FF 24 00 00 00 00 CB 2F 1B C4 00 00 00 A0 CC 2F 1B C4 00 00 00 A0 CC 2F 1B C4 00 00 00 00 00 00 00 00 00 00 00 00 00 00 00 00 00 00 00 00 00 00 00 00 00 00 00
=== Arsenal (Cino: 1DBA353FBD0) ===
90 90 22 66 C4 00 00 00 90 91 22 66 C4 00 00 00 90 91 22 66 C4 00 00 00 00 00 00 00 00 00 00 00 00 00 00 00 00 00 00 00 00 00 00 00 00 00 00 00 00 00 00 00 00 00 00 00 00 00 00 00 00 00 00 00 00 00 00 00 00 00 00 00 50 9D 74 66 C4 00 00 00 08 31 14 02 DC 01 00 00 B0 28 14 02 DC 01 00 00 C0 A4 54 B2 DB 01 00 00 B9 CC 00 00 7D 0D 00 00 15 F4 00 00 1D 03 04 1D 20 03 84 66 C4 00 00 00 A8 03 84 66 C4 00 00 00 A8 03 84 66 C4 00 00 00 0C AC 18 2E C4 00 00 00 00 00 00 00 00 00 00 00 FA FA FA FF 00 00 00 00 13 06 E2 FF 28 00 00 00 50 E9 6D 66 C4 00 00 00 80 E9 6D 66 C4 00 00 00 80 E9 6D 66 C4 00 00 00 00 00 00 00 00 00 00 00 00 00 00 00 00 00 00 00 00 00 00 00 00 00 00 00 00 00 00 00 00 00 00 00 00 00 00 00 00 00 00 00 00 00 00 00 00 00 00 00 00 00 00 00 00 00 00 00 B8 41 14 02 DC 01 00 00 60 39 14 02 DC 01 00 00 40 A6 54 B2 DB 01 00 00 72 29 00 00 58 1B 00 00 44 48 00 00 04 1D 1E 1D E0 8F 78 66 C4 00 00 00 B0 90 78 66 C4 00 00 00 B0 90 78 66 C4 00 00 00 CC 2F 54 00 C4 00 00 00 00 00 00 00 00 00 00 00 FF FF FF FF 00 00 00 00 E0 62 38 FF 00 00 00 00 40 5B 26 2D C4 00 00 00 90 5D 26 2D C4 00 00 00 90 5D 26 2D C4 00 00 00 00 00 00 00 00 00 00 00 00 00 00 00 00 00 00 00 00 00 00 00 00 00 00 00 00 00 00 00 00 00 00 00 00 00 00 00 00 00 00 00 00 00 00 00 00 00 00 00 30 9E 74 66 C4 00 00 00 68 52 14 02 DC 01 00 00 10 4A 14 02 DC 01 00 00 C0 A7 54 B2 DB 01 00 00 16 67 00 00 F8 06 00 00 B4 7B 00 00 1D 1B 1D 04 60 ED 67 66 C4 00 00 00 18 EE 67 66 C4 00 00 00 18 EE 67 66 C4 00 00 00 2C 33 54 00 C4 00 00 00 00 00 00 00 00 00 00 00 F0 BB 86 FF 00 00 00 00 33 00 66 FF 20 00 00 00 E0 4A 7E 2D C4 00 00 00 C8 4C 7E 2D C4 00 00 00 C8 4C 7E 2D C4 00 00 00 00 00 00 00 00 00 00 00 00 00 00 00 00 00 00 00 00 00 00 00 00 00 00 00 80 3B 7B 66 C4 00 00 00 88 3B 7B 66 C4 00 00 00 88 3B 7B 66 C4 00 00 00 90 9D 74 66 C4 00 00 00 18 63 14 02 DC 01 00 00 C0 5A 14 02 DC 01 00 00 40 A9 54 B2 DB 01 00 00 22 89 00 00 DC 06 00 00 66 A2 00 00 1D 03 00 00 D0 04 84 66 C4 00 00 00 58 05 84 66 C4 00 00 00 58 05 84 66 C4 00 00 00 EC 42 54 00 C4 00 00 00 00 00 00 00 00 00 00 00 FA FA FA FF 00 00 00 00 B5 68 2D FF 08 00 00 00 C0 5D 26 2D C4 00 00 00 C8 5F 26 2D C4 00 00 00 C8 5F 26 2D C4 00 00 00 00 00 00 00 00 00 00 00 00 00 00 00 00 00 00 00 00 00 00 00 00 00 00 00 00 00 00 00 00 00 00 00 00 00 00 00 00 00 00 00 00 00 00 00 00 00 00 00 90 99 74 66 C4 00 00 00 C8 73 14 02 DC 01 00 00 70 6B 14 02 DC 01 00 00 C0 AA 54 B2 DB 01 00 00 B7 46 00 00 66 04 00 00 A8 61 00 00 23 1D 40 23 90 92 22 66 C4 00 00 00 78 93 22 66 C4 00 00 00 78 93 22 66 C4 00 00 00 CC 3B 54 00 C4 00 00 00 00 00 00 00 00 00 00 00 FA FA FA FF 00 00 00 00 A5 54 00 FF 20 00 00 00 A0 91 78 66 C4 00 00 00 78 92 78 66 C4 00 00 00 78 92 78 66 C4 00 00 00 00 00 00 00 00 00 00 00 00 00 00 00 00 00 00 00 00 00 00 00 00 00 00 00 00 00 00 00 00 00 00 00 00 00 00 00 00 00 00 00 00 00 00 00 00 00 00 00 D0 9E 74 66 C4 00 00 00 78 84 14 02 DC 01 00 00 20 7C 14 02 DC 01 00 00 40 AC 54 B2 DB 01 00 00 16 18 00 00 28 04 00 00 52 1B 00 00 1D 04 1D 1C F0 71 18 66 C4 00 00 00 88 72 18 66 C4 00 00 00 88 72 18 66 C4 00 00 00 0C 4C 54 00 C4 00 00 00 00 00 00 00 00 00 00 00 FA FA FA FF 00 00 00 00 B5 55 2F FF 24 00 00 00 40 60 26 2D C4 00 00 00 70 62 26 2D C4 00 00 00 70 62 26 2D C4 00 00 00 00 00 00 00 00 00 00 00 00 00 00 00 00 00 00 00 00 00 00 00 00 00 00 00 00 00 00 00 00 00 00 00 00 00 00 00 00 00 00 00 00 00 00 00 00 00 00 00 F0 9E 74 66 C4 00 00 00 28 95 14 02 DC 01 00 00 D0 8C 14 02 DC 01 00 00 C0 AD 54 B2 DB 01 00 00 7F 87 00 00 CA 06 00 00 FD A2 00 00 04 1E 00 40 80 06 84 66 C4 00 00 00 10 07 84 66 C4 00 00 00 10 07 84 66 C4 00 00 00 9C FF 41 12 C4 00 00 00 00 00 00 00 00 00 00 00 FA FA FA FF 00 00 00 00 93 45 01 FF 20 00 00 00 90 93 22 66 C4 00 00 00 90 94 22 66 C4 00 00 00 90 94 22 66 C4 00 00 00 00 00 00 00 00 00 00 00 00 00 00 00 00 00 00 00 00 00 00 00 00 00 00 00
=== Arsenal (Cino: 1DBA312F6C0) ===
40 0E 1D 19 C4 00 00 00 D0 10 1D 19 C4 00 00 00 D0 10 1D 19 C4 00 00 00 00 00 00 00 00 00 00 00 00 00 00 00 00 00 00 00 00 00 00 00 00 00 00 00 00 00 00 00 00 00 00 00 00 00 00 00 00 00 00 00 00 00 00 00 00 00 00 00 70 CB 06 65 C4 00 00 00 B8 E6 0D 00 DC 01 00 00 60 DE 0D 00 DC 01 00 00 C0 A3 D4 B1 DB 01 00 00 21 F3 00 00 C8 AF 00 00 18 73 01 00 04 00 04 04 00 9F 7F 2D C4 00 00 00 E8 9F 7F 2D C4 00 00 00 E8 9F 7F 2D C4 00 00 00 FC E9 A0 96 C5 00 00 00 00 00 00 00 00 00 00 00 FF FF FF FF 00 00 00 00 07 00 DB FF 00 00 00 00 90 B8 ED DF C3 00 00 00 B8 BB ED DF C3 00 00 00 B8 BB ED DF C3 00 00 00 00 00 00 00 00 00 00 00 00 00 00 00 00 00 00 00 00 00 00 00 00 00 00 00 00 00 00 00 00 00 00 00 00 00 00 00 00 00 00 00 00 00 00 00 00 00 00 00 B0 D2 06 65 C4 00 00 00 68 F7 0D 00 DC 01 00 00 10 EF 0D 00 DC 01 00 00 40 A5 D4 B1 DB 01 00 00 97 AE 00 00 A8 61 00 00 D8 D6 00 00 1D 23 04 1D 00 A0 7F 2D C4 00 00 00 E8 A0 7F 2D C4 00 00 00 E8 A0 7F 2D C4 00 00 00 3C EA A0 96 C5 00 00 00 2C 18 19 2E C4 00 00 00 E5 BE 94 FF 00 00 00 00 24 00 48 FF 24 00 00 00 00 00 00 00 00 00 00 00 00 00 00 00 00 00 00 00 00 00 00 00 00 00 00 00 00 00 00 00 00 00 00 00 00 00 00 00 00 00 00 00 00 00 00 00 00 00 00 00 00 00 00 00 00 00 00 00 00 00 00 00 00 00 00 00 00 00 00 00 00 00 00 00 00 00 00 00 00 00 00 00 00 00 00 00 00 00 00 00 00 00 00 00 00 00 00 00 00 00 00 00 00 00 00 00 A2 00 00 00 64 00 00 00 07 0E 00 00 00 00 00 00 00 00 00 00 00 00 00 00 00 00 00 00 00 00 00 00 00 00 00 00 00 00 00 00 5C E5 A0 96 C5 00 00 00 00 00 00 00 00 00 00 00 FA FA FA FF 00 00 00 00 B5 55 2F FF 00 00 00 00 00 A1 7F 2D C4 00 00 00 F0 A1 7F 2D C4 00 00 00 F0 A1 7F 2D C4 00 00 00 00 00 00 00 00 00 00 00 00 00 00 00 00 00 00 00 00 00 00 00 00 00 00 00 00 00 00 00 00 00 00 00 00 00 00 00 00 00 00 00 00 00 00 00 00 00 00 00 D0 D2 06 65 C4 00 00 00 18 08 0E 00 DC 01 00 00 C0 FF 0D 00 DC 01 00 00 C0 A6 D4 B1 DB 01 00 00 88 24 00 00 58 02 00 00 44 2F 00 00 1D 03 1D 03 C0 4A 74 65 C4 00 00 00 88 4B 74 65 C4 00 00 00 88 4B 74 65 C4 00 00 00 5C EA A0 96 C5 00 00 00 4C 18 19 2E C4 00 00 00 00 00 00 FF 00 00 00 00 00 77 FF FF 00 00 00 00 40 15 26 2D C4 00 00 00 70 17 26 2D C4 00 00 00 70 17 26 2D C4 00 00 00 00 00 00 00 00 00 00 00 00 00 00 00 00 00 00 00 00 00 00 00 00 00 00 00 00 00 00 00 00 00 00 00 00 00 00 00 00 00 00 00 00 00 00 00 00 00 00 00 F0 CE 06 65 C4 00 00 00 C8 18 0E 00 DC 01 00 00 70 10 0E 00 DC 01 00 00 40 A8 D4 B1 DB 01 00 00 55 2F 00 00 A0 0F 00 00 A8 61 00 00 03 1D 1E 03 A0 4B 74 65 C4 00 00 00 68 4C 74 65 C4 00 00 00 68 4C 74 65 C4 00 00 00 5C E8 6A 29 C4 00 00 00 6C 18 19 2E C4 00 00 00 FF FF FF FF 00 00 00 00 21 19 D7 FF 00 00 00 00 C0 4C DA 2D C4 00 00 00 00 4D DA 2D C4 00 00 00 00 4D DA 2D C4 00 00 00 00 00 00 00 00 00 00 00 00 00 00 00 00 00 00 00 00 00 00 00 00 00 00 00 00 00 00 00 00 00 00 00 00 00 00 00 00 00 00 00 00 00 00 00 00 00 00 00 F0 CA 06 65 C4 00 00 00 78 29 0E 00 DC 01 00 00 20 21 0E 00 DC 01 00 00 C0 A9 D4 B1 DB 01 00 00 DB 18 00 00 58 02 00 00 CB 28 00 00 00 00 00 00 80 4C 74 65 C4 00 00 00 58 4D 74 65 C4 00 00 00 58 4D 74 65 C4 00 00 00 0C 7B 55 DD C3 00 00 00 8C 18 19 2E C4 00 00 00 7D 3D 22 FF 00 00 00 00 FF FF FF FF 00 00 00 00 40 4D DA 2D C4 00 00 00 80 4D DA 2D C4 00 00 00 80 4D DA 2D C4 00 00 00 00 00 00 00 00 00 00 00 00 00 00 00 00 00 00 00 00 00 00 00 00 00 00 00 00 00 00 00 00 00 00 00 00 00 00 00 00 00 00 00 00 00 00 00 00 00 00 00 30 CC 06 65 C4 00 00 00 28 3A 0E 00 DC 01 00 00 D0 31 0E 00 DC 01 00 00 40 AB D4 B1 DB 01 00 00 4C 0C 00 00 20 03 00 00 35 74 00 00 40 04 1E 04 40 41 75 65 C4 00 00 00 E8 41 75 65 C4 00 00 00 E8 41 75 65 C4 00 00 00 6C 7B 55 DD C3 00 00 00 AC 18 19 2E C4 00 00 00 FF FF FF FF 00 00 00 00 00 00 00 FF 24 00 00 00 E0 6D 64 DC C3 00 00 00 28 72 64 DC C3 00 00 00 28 72 64 DC C3 00 00 00 00 00 00 00 00 00 00 00 00 00 00 00 00 00 00 00 00 00 00 00 00 00 00 00
=== Aston Villa (Cino: 1DBA353FD30) ===
40 5B 26 2D C4 00 00 00 90 5D 26 2D C4 00 00 00 90 5D 26 2D C4 00 00 00 00 00 00 00 00 00 00 00 00 00 00 00 00 00 00 00 00 00 00 00 00 00 00 00 00 00 00 00 00 00 00 00 00 00 00 00 00 00 00 00 00 00 00 00 00 00 00 00 30 9E 74 66 C4 00 00 00 68 52 14 02 DC 01 00 00 10 4A 14 02 DC 01 00 00 C0 A7 54 B2 DB 01 00 00 16 67 00 00 F8 06 00 00 B4 7B 00 00 1D 1B 1D 04 60 ED 67 66 C4 00 00 00 18 EE 67 66 C4 00 00 00 18 EE 67 66 C4 00 00 00 2C 33 54 00 C4 00 00 00 00 00 00 00 00 00 00 00 F0 BB 86 FF 00 00 00 00 33 00 66 FF 20 00 00 00 E0 4A 7E 2D C4 00 00 00 C8 4C 7E 2D C4 00 00 00 C8 4C 7E 2D C4 00 00 00 00 00 00 00 00 00 00 00 00 00 00 00 00 00 00 00 00 00 00 00 00 00 00 00 80 3B 7B 66 C4 00 00 00 88 3B 7B 66 C4 00 00 00 88 3B 7B 66 C4 00 00 00 90 9D 74 66 C4 00 00 00 18 63 14 02 DC 01 00 00 C0 5A 14 02 DC 01 00 00 40 A9 54 B2 DB 01 00 00 22 89 00 00 DC 06 00 00 66 A2 00 00 1D 03 00 00 D0 04 84 66 C4 00 00 00 58 05 84 66 C4 00 00 00 58 05 84 66 C4 00 00 00 EC 42 54 00 C4 00 00 00 00 00 00 00 00 00 00 00 FA FA FA FF 00 00 00 00 B5 68 2D FF 08 00 00 00 C0 5D 26 2D C4 00 00 00 C8 5F 26 2D C4 00 00 00 C8 5F 26 2D C4 00 00 00 00 00 00 00 00 00 00 00 00 00 00 00 00 00 00 00 00 00 00 00 00 00 00 00 00 00 00 00 00 00 00 00 00 00 00 00 00 00 00 00 00 00 00 00 00 00 00 00 90 99 74 66 C4 00 00 00 C8 73 14 02 DC 01 00 00 70 6B 14 02 DC 01 00 00 C0 AA 54 B2 DB 01 00 00 B7 46 00 00 66 04 00 00 A8 61 00 00 23 1D 40 23 90 92 22 66 C4 00 00 00 78 93 22 66 C4 00 00 00 78 93 22 66 C4 00 00 00 CC 3B 54 00 C4 00 00 00 00 00 00 00 00 00 00 00 FA FA FA FF 00 00 00 00 A5 54 00 FF 20 00 00 00 A0 91 78 66 C4 00 00 00 78 92 78 66 C4 00 00 00 78 92 78 66 C4 00 00 00 00 00 00 00 00 00 00 00 00 00 00 00 00 00 00 00 00 00 00 00 00 00 00 00 00 00 00 00 00 00 00 00 00 00 00 00 00 00 00 00 00 00 00 00 00 00 00 00 D0 9E 74 66 C4 00 00 00 78 84 14 02 DC 01 00 00 20 7C 14 02 DC 01 00 00 40 AC 54 B2 DB 01 00 00 16 18 00 00 28 04 00 00 52 1B 00 00 1D 04 1D 1C F0 71 18 66 C4 00 00 00 88 72 18 66 C4 00 00 00 88 72 18 66 C4 00 00 00 0C 4C 54 00 C4 00 00 00 00 00 00 00 00 00 00 00 FA FA FA FF 00 00 00 00 B5 55 2F FF 24 00 00 00 40 60 26 2D C4 00 00 00 70 62 26 2D C4 00 00 00 70 62 26 2D C4 00 00 00 00 00 00 00 00 00 00 00 00 00 00 00 00 00 00 00 00 00 00 00 00 00 00 00 00 00 00 00 00 00 00 00 00 00 00 00 00 00 00 00 00 00 00 00 00 00 00 00 F0 9E 74 66 C4 00 00 00 28 95 14 02 DC 01 00 00 D0 8C 14 02 DC 01 00 00 C0 AD 54 B2 DB 01 00 00 7F 87 00 00 CA 06 00 00 FD A2 00 00 04 1E 00 40 80 06 84 66 C4 00 00 00 10 07 84 66 C4 00 00 00 10 07 84 66 C4 00 00 00 9C FF 41 12 C4 00 00 00 00 00 00 00 00 00 00 00 FA FA FA FF 00 00 00 00 93 45 01 FF 20 00 00 00 90 93 22 66 C4 00 00 00 90 94 22 66 C4 00 00 00 90 94 22 66 C4 00 00 00 00 00 00 00 00 00 00 00 00 00 00 00 00 00 00 00 00 00 00 00 00 00 00 00 00 00 00 00 00 00 00 00 00 00 00 00 00 00 00 00 00 00 00 00 00 00 00 00 70 9F 74 66 C4 00 00 00 D8 A5 14 02 DC 01 00 00 80 9D 14 02 DC 01 00 00 40 AF 54 B2 DB 01 00 00 8C 50 00 00 56 08 00 00 08 5B 00 00 04 1D 04 04 60 93 78 66 C4 00 00 00 30 94 78 66 C4 00 00 00 30 94 78 66 C4 00 00 00 6C 4C 54 00 C4 00 00 00 00 00 00 00 00 00 00 00 FA FA FA FF 00 00 00 00 E1 B2 7A FF 28 00 00 00 A0 8D 1D 66 C4 00 00 00 20 8F 1D 66 C4 00 00 00 20 8F 1D 66 C4 00 00 00 00 00 00 00 00 00 00 00 00 00 00 00 00 00 00 00 00 00 00 00 00 00 00 00 00 00 00 00 00 00 00 00 00 00 00 00 00 00 00 00 00 00 00 00 00 00 00 00 F0 9F 74 66 C4 00 00 00 88 B6 14 02 DC 01 00 00 30 AE 14 02 DC 01 00 00 C0 B0 54 B2 DB 01 00 00 74 5A 00 00 DC 0F 00 00 8B 6C 00 00 1D 04 1D 1D 40 94 78 66 C4 00 00 00 10 95 78 66 C4 00 00 00 10 95 78 66 C4 00 00 00 8C AC 18 2E C4 00 00 00 00 00 00 00 00 00 00 00 FA FA FA FF 00 00 00 00 2C 1C CF FF 28 00 00 00 D0 3B 7B 66 C4 00 00 00 D8 3B 7B 66 C4 00 00 00 D8 3B 7B 66 C4 00 00 00 00 00 00 00 00 00 00 00 00 00 00 00 00 00 00 00 00 00 00 00 00 00 00 00
=== Brighton & Hove Albion (Cino: 1DBA31301C0) ===
30 89 D8 DF C3 00 00 00 08 8D D8 DF C3 00 00 00 08 8D D8 DF C3 00 00 00 00 00 00 00 00 00 00 00 00 00 00 00 00 00 00 00 00 00 00 00 00 00 00 00 00 00 00 00 00 00 00 00 00 00 00 00 00 00 00 00 00 00 00 00 00 00 00 00 10 D1 06 65 C4 00 00 00 58 D0 0E 00 DC 01 00 00 00 C8 0E 00 DC 01 00 00 40 BA D4 B1 DB 01 00 00 89 85 00 00 94 11 00 00 40 9C 00 00 00 00 00 00 00 A4 7F 2D C4 00 00 00 F8 A4 7F 2D C4 00 00 00 F8 A4 7F 2D C4 00 00 00 3C E9 6A 29 C4 00 00 00 EC 19 19 2E C4 00 00 00 FF FF FF FF 00 00 00 00 AA 5D 00 FF 04 00 00 00 30 79 D8 DF C3 00 00 00 C8 7C D8 DF C3 00 00 00 C8 7C D8 DF C3 00 00 00 00 00 00 00 00 00 00 00 00 00 00 00 00 00 00 00 00 00 00 00 00 00 00 00 00 00 00 00 00 00 00 00 00 00 00 00 00 00 00 00 00 00 00 00 00 00 00 00 D0 CB 06 65 C4 00 00 00 08 E1 0E 00 DC 01 00 00 B0 D8 0E 00 DC 01 00 00 C0 BB D4 B1 DB 01 00 00 D2 61 00 00 94 11 00 00 8F 80 00 00 1D 40 1D 1D 00 A5 7F 2D C4 00 00 00 E8 A5 7F 2D C4 00 00 00 E8 A5 7F 2D C4 00 00 00 1C EB A0 96 C5 00 00 00 0C 1A 19 2E C4 00 00 00 FF FF FF FF 00 00 00 00 23 1A E2 FF 2C 00 00 00 30 55 D8 DF C3 00 00 00 18 59 D8 DF C3 00 00 00 18 59 D8 DF C3 00 00 00 00 00 00 00 00 00 00 00 00 00 00 00 00 00 00 00 00 00 00 00 00 00 00 00 00 00 00 00 00 00 00 00 00 00 00 00 00 00 00 00 00 00 00 00 00 00 00 00 D0 CE 06 65 C4 00 00 00 B8 F1 0E 00 DC 01 00 00 60 E9 0E 00 DC 01 00 00 40 BD D4 B1 DB 01 00 00 11 37 00 00 B8 0B 00 00 4F 5E 00 00 00 00 00 00 80 53 74 65 C4 00 00 00 58 54 74 65 C4 00 00 00 58 54 74 65 C4 00 00 00 7C EA 6A 29 C4 00 00 00 2C 1A 19 2E C4 00 00 00 FF FF FF FF 00 00 00 00 95 4B 00 FF 08 00 00 00 00 00 00 00 00 00 00 00 00 00 00 00 00 00 00 00 00 00 00 00 00 00 00 00 00 00 00 00 00 00 00 00 00 00 00 00 00 00 00 00 00 00 00 00 00 00 00 00 00 00 00 00 00 00 00 00 00 00 00 00 00 00 00 00 00 00 00 00 00 00 00 00 00 00 00 00 00 00 00 00 00 00 00 00 00 00 00 00 00 00 00 00 00 00 00 00 00 00 00 00 00 00 00 00 2C 01 00 00 64 00 00 00 7C 15 00 00 00 00 00 00 00 00 00 00 00 00 00 00 00 00 00 00 00 00 00 00 00 00 00 00 00 00 00 00 5C E9 A0 96 C5 00 00 00 00 00 00 00 00 00 00 00 FA FA FA FF 00 00 00 00 B5 55 2F FF 00 00 00 00 40 14 1D 19 C4 00 00 00 E0 16 1D 19 C4 00 00 00 E0 16 1D 19 C4 00 00 00 00 00 00 00 00 00 00 00 00 00 00 00 00 00 00 00 00 00 00 00 00 00 00 00 00 00 00 00 00 00 00 00 00 00 00 00 00 00 00 00 00 00 00 00 00 00 00 00 30 CE 06 65 C4 00 00 00 68 02 0F 00 DC 01 00 00 10 FA 0E 00 DC 01 00 00 C0 BE D4 B1 DB 01 00 00 5E 4A 00 00 10 27 00 00 60 6D 00 00 1D 1C 03 1C 00 A6 7F 2D C4 00 00 00 E8 A6 7F 2D C4 00 00 00 E8 A6 7F 2D C4 00 00 00 BC EA 6A 29 C4 00 00 00 4C 1A 19 2E C4 00 00 00 F5 C8 64 FF 00 00 00 00 41 00 5F FF 00 00 00 00 20 7F 2B 65 C4 00 00 00 30 7F 2B 65 C4 00 00 00 30 7F 2B 65 C4 00 00 00 00 00 00 00 00 00 00 00 00 00 00 00 00 00 00 00 00 00 00 00 00 00 00 00 00 00 00 00 00 00 00 00 00 00 00 00 00 00 00 00 00 00 00 00 00 00 00 00 00 00 00 00 00 00 00 00 00 00 00 00 00 00 00 00 00 00 00 00 00 00 00 00 40 C0 D4 B1 DB 01 00 00 A4 0C 00 00 D5 07 00 00 41 2E 00 00 03 1E 00 00 70 35 77 65 C4 00 00 00 00 36 77 65 C4 00 00 00 00 36 77 65 C4 00 00 00 DC EB 6A 29 C4 00 00 00 6C 1A 19 2E C4 00 00 00 B5 55 2F FF 00 00 00 00 FA FA FA FF 24 00 00 00 00 CB 2F 1B C4 00 00 00 A0 CC 2F 1B C4 00 00 00 A0 CC 2F 1B C4 00 00 00 00 00 00 00 00 00 00 00 00 00 00 00 00 00 00 00 00 00 00 00 00 00 00 00 00 00 00 00 00 00 00 00 00 00 00 00 00 00 00 00 00 00 00 00 00 00 00 00 F0 CB 06 65 C4 00 00 00 18 13 0F 00 DC 01 00 00 C0 0A 0F 00 DC 01 00 00 C0 C1 D4 B1 DB 01 00 00 AF 40 00 00 D0 07 00 00 5D 7D 00 00 03 1D 03 07 00 A7 7F 2D C4 00 00 00 E8 A7 7F 2D C4 00 00 00 E8 A7 7F 2D C4 00 00 00 9C EA 6A 29 C4 00 00 00 8C 1A 19 2E C4 00 00 00 00 00 00 FF 00 00 00 00 00 9D FF FF 26 00 00 00 00 48 75 65 C4 00 00 00 C0 48 75 65 C4 00 00 00 C0 48 75 65 C4 00 00 00 00 00 00 00 00 00 00 00 00 00 00 00 00 00 00 00 00 00 00 00 00 00 00 00
=== Blackburn Rovers (Cino: 1DBA354ABD0) ===
80 BE 79 66 C4 00 00 00 00 BF 79 66 C4 00 00 00 00 BF 79 66 C4 00 00 00 00 00 00 00 00 00 00 00 00 00 00 00 00 00 00 00 00 00 00 00 00 00 00 00 00 00 00 00 00 00 00 00 00 00 00 00 00 00 00 00 00 00 00 00 00 00 00 00 F0 A8 74 66 C4 00 00 00 88 E2 18 02 DC 01 00 00 30 DA 18 02 DC 01 00 00 40 FC 55 B2 DB 01 00 00 23 08 00 00 58 02 00 00 ED 09 00 00 1E 1B 00 00 30 AB 76 66 C4 00 00 00 98 AB 76 66 C4 00 00 00 98 AB 76 66 C4 00 00 00 8C 55 54 00 C4 00 00 00 00 00 00 00 00 00 00 00 FA FA FA FF 00 00 00 00 B5 55 2F FF 00 00 00 00 00 00 00 00 00 00 00 00 00 00 00 00 00 00 00 00 00 00 00 00 00 00 00 00 00 00 00 00 00 00 00 00 00 00 00 00 00 00 00 00 00 00 00 00 00 00 00 00 00 00 00 00 00 00 00 00 00 00 00 00 00 00 00 00 00 00 00 00 00 00 00 00 00 00 00 00 00 00 00 00 00 00 00 00 00 00 00 00 00 00 00 00 00 00 00 00 C0 FD 55 B2 DB 01 00 00 A0 00 00 00 50 00 00 00 C4 09 00 00 00 00 00 00 00 BF 79 66 C4 00 00 00 78 BF 79 66 C4 00 00 00 78 BF 79 66 C4 00 00 00 00 00 00 00 00 00 00 00 00 00 00 00 00 00 00 00 40 8E 40 FF 00 00 00 00 FA FA FA FF 00 00 00 00 00 00 00 00 00 00 00 00 00 00 00 00 00 00 00 00 00 00 00 00 00 00 00 00 00 00 00 00 00 00 00 00 00 00 00 00 00 00 00 00 00 00 00 00 00 00 00 00 00 00 00 00 00 00 00 00 00 00 00 00 00 00 00 00 00 00 00 00 00 00 00 00 00 00 00 00 00 00 00 00 00 00 00 00 00 00 00 00 00 00 00 00 00 00 00 00 40 FF 55 B2 DB 01 00 00 A2 00 00 00 64 00 00 00 C4 09 00 00 00 00 00 00 D0 0A 57 66 C4 00 00 00 28 0B 57 66 C4 00 00 00 28 0B 57 66 C4 00 00 00 3C 1F 54 12 C4 00 00 00 00 00 00 00 00 00 00 00 00 00 00 00 00 00 00 00 00 00 00 00 00 00 00 00 00 00 00 00 00 00 00 00 00 00 00 00 00 00 00 00 00 00 00 00 00 00 00 00 00 00 00 00 00 00 00 00 00 00 00 00 00 00 00 00 00 00 00 00 00 00 00 00 00 00 00 00 00 00 00 00 00 00 00 00 00 00 00 00 00 00 00 00 00 00 00 00 00 00 00 00 00 00 00 00 00 00 00 00 00 00 00 00 00 00 00 00 00 00 00 00 C0 00 56 B2 DB 01 00 00 90 01 00 00 C8 00 00 00 C4 09 00 00 1D 00 00 00 80 BF 79 66 C4 00 00 00 F8 BF 79 66 C4 00 00 00 F8 BF 79 66 C4 00 00 00 00 00 00 00 00 00 00 00 00 00 00 00 00 00 00 00 21 20 1E FF 00 00 00 00 4B 8C 3E FF 00 00 00 00 00 00 00 00 00 00 00 00 00 00 00 00 00 00 00 00 00 00 00 00 00 00 00 00 00 00 00 00 00 00 00 00 00 00 00 00 00 00 00 00 00 00 00 00 00 00 00 00 00 00 00 00 00 00 00 00 00 00 00 00 00 00 00 00 00 00 00 00 00 00 00 00 00 00 00 00 00 00 00 00 00 00 00 00 00 00 00 00 00 00 00 00 00 00 00 00 40 02 56 B2 DB 01 00 00 FA 00 00 00 64 00 00 00 BD 1F 00 00 00 00 00 00 10 F9 6D 66 C4 00 00 00 40 F9 6D 66 C4 00 00 00 40 F9 6D 66 C4 00 00 00 00 00 00 00 00 00 00 00 00 00 00 00 00 00 00 00 FA FA FA FF 00 00 00 00 53 B8 53 FF 00 00 00 00 00 00 00 00 00 00 00 00 00 00 00 00 00 00 00 00 00 00 00 00 00 00 00 00 00 00 00 00 00 00 00 00 00 00 00 00 00 00 00 00 00 00 00 00 00 00 00 00 00 00 00 00 00 00 00 00 00 00 00 00 00 00 00 00 00 00 00 00 00 00 00 00 00 00 00 00 00 00 00 00 00 00 00 00 00 00 00 00 00 00 00 00 00 00 00 00 00 00 00 00 00 00 00 00 FA 00 00 00 64 00 00 00 52 1C 00 00 00 00 00 00 00 00 00 00 00 00 00 00 00 00 00 00 00 00 00 00 00 00 00 00 00 00 00 00 00 00 00 00 00 00 00 00 00 00 00 00 00 00 00 00 FA FA FA FF 00 00 00 00 30 25 9E FF 00 00 00 00 00 00 00 00 00 00 00 00 00 00 00 00 00 00 00 00 00 00 00 00 00 00 00 00 00 00 00 00 00 00 00 00 00 00 00 00 00 00 00 00 00 00 00 00 00 00 00 00 00 00 00 00 00 00 00 00 00 00 00 00 00 00 00 00 00 00 00 00 00 00 00 00 00 00 00 00 00 00 00 00 00 00 00 00 00 00 00 00 00 00 00 00 00 00 00 00 C0 03 56 B2 DB 01 00 00 FA 00 00 00 64 00 00 00 6A 18 00 00 00 00 00 00 A0 AB 76 66 C4 00 00 00 08 AC 76 66 C4 00 00 00 08 AC 76 66 C4 00 00 00 00 00 00 00 00 00 00 00 00 00 00 00 00 00 00 00 24 24 D4 FF 00 00 00 00 21 20 1E FF 00 00 00 00 00 00 00 00 00 00 00 00 00 00 00 00 00 00 00 00 00 00 00 00 00 00 00 00 00 00 00 00 00 00 00 00 00 00 00 00 00 00 00 00 00 00 00 00 00 00 00 00
=== Blackburn Rovers (Cino: 1DBA312FDA0) ===
50 50 41 2D C4 00 00 00 D0 51 41 2D C4 00 00 00 D0 51 41 2D C4 00 00 00 00 00 00 00 00 00 00 00 00 00 00 00 00 00 00 00 00 00 00 00 00 00 00 00 00 00 00 00 00 00 00 00 00 00 00 00 00 00 00 00 00 00 00 00 00 00 00 00 70 CD 06 65 C4 00 00 00 38 6C 0E 00 DC 01 00 00 E0 63 0E 00 DC 01 00 00 40 B1 D4 B1 DB 01 00 00 4A 62 00 00 64 19 00 00 C8 8B 00 00 1D 04 3F 04 40 4E 74 65 C4 00 00 00 10 4F 74 65 C4 00 00 00 10 4F 74 65 C4 00 00 00 DC E7 6A 29 C4 00 00 00 2C 19 19 2E C4 00 00 00 FF FF FF FF 00 00 00 00 9C 5E 00 FF 00 00 00 00 40 C9 2F 1B C4 00 00 00 F8 CA 2F 1B C4 00 00 00 F8 CA 2F 1B C4 00 00 00 00 00 00 00 00 00 00 00 00 00 00 00 00 00 00 00 00 00 00 00 00 00 00 00 00 00 00 00 00 00 00 00 00 00 00 00 00 00 00 00 00 00 00 00 00 00 00 00 50 CB 06 65 C4 00 00 00 E8 7C 0E 00 DC 01 00 00 90 74 0E 00 DC 01 00 00 C0 B2 D4 B1 DB 01 00 00 20 3B 00 00 AC 0D 00 00 06 66 00 00 1D 1B 04 1D 20 4F 74 65 C4 00 00 00 00 50 74 65 C4 00 00 00 00 50 74 65 C4 00 00 00 FC E8 6A 29 C4 00 00 00 4C 19 19 2E C4 00 00 00 FF FF FF FF 00 00 00 00 12 87 F6 FF 08 00 00 00 C0 17 26 2D C4 00 00 00 40 1A 26 2D C4 00 00 00 40 1A 26 2D C4 00 00 00 00 00 00 00 00 00 00 00 00 00 00 00 00 00 00 00 00 00 00 00 00 00 00 00 00 00 00 00 00 00 00 00 00 00 00 00 00 00 00 00 00 00 00 00 00 00 00 00 B0 CB 06 65 C4 00 00 00 98 8D 0E 00 DC 01 00 00 40 85 0E 00 DC 01 00 00 40 B4 D4 B1 DB 01 00 00 48 64 00 00 B8 0B 00 00 C4 86 00 00 00 00 00 00 00 50 74 65 C4 00 00 00 D8 50 74 65 C4 00 00 00 D8 50 74 65 C4 00 00 00 8C 7B 55 DD C3 00 00 00 6C 19 19 2E C4 00 00 00 7E 3C 26 FF 00 00 00 00 FF FF FF FF 00 00 00 00 00 50 DA 2D C4 00 00 00 38 50 DA 2D C4 00 00 00 38 50 DA 2D C4 00 00 00 00 00 00 00 00 00 00 00 00 00 00 00 00 00 00 00 00 00 00 00 00 00 00 00 00 00 00 00 00 00 00 00 00 00 00 00 00 00 00 00 00 00 00 00 00 00 00 00 D0 CD 06 65 C4 00 00 00 48 9E 0E 00 DC 01 00 00 F0 95 0E 00 DC 01 00 00 C0 B5 D4 B1 DB 01 00 00 F9 0A 00 00 E8 03 00 00 06 1C 00 00 1D 04 40 1C 80 43 75 65 C4 00 00 00 38 44 75 65 C4 00 00 00 38 44 75 65 C4 00 00 00 BC EA A0 96 C5 00 00 00 8C 19 19 2E C4 00 00 00 20 1F 23 FF 00 00 00 00 07 C7 FB FF 04 00 00 00 E0 EA 7D 2D C4 00 00 00 E0 EC 7D 2D C4 00 00 00 E0 EC 7D 2D C4 00 00 00 00 00 00 00 00 00 00 00 00 00 00 00 00 00 00 00 00 00 00 00 00 00 00 00 00 00 00 00 00 00 00 00 00 00 00 00 00 00 00 00 00 00 00 00 00 00 00 00 90 CE 06 65 C4 00 00 00 F8 AE 0E 00 DC 01 00 00 A0 A6 0E 00 DC 01 00 00 40 B7 D4 B1 DB 01 00 00 B2 4A 00 00 B8 0B 00 00 A8 61 00 00 03 04 04 03 E0 50 74 65 C4 00 00 00 B8 51 74 65 C4 00 00 00 B8 51 74 65 C4 00 00 00 BC E9 6A 29 C4 00 00 00 AC 19 19 2E C4 00 00 00 26 9B F9 FF 00 00 00 00 33 06 6C FF 2C 00 00 00 40 11 1D 19 C4 00 00 00 18 14 1D 19 C4 00 00 00 18 14 1D 19 C4 00 00 00 00 00 00 00 00 00 00 00 00 00 00 00 00 00 00 00 00 00 00 00 00 00 00 00 00 00 00 00 00 00 00 00 00 00 00 00 00 00 00 00 00 00 00 00 00 00 00 00 90 CD 06 65 C4 00 00 00 A8 BF 0E 00 DC 01 00 00 50 B7 0E 00 DC 01 00 00 C0 B8 D4 B1 DB 01 00 00 4B 56 00 00 E0 2E 00 00 8C 69 00 00 04 1D 23 1D C0 51 74 65 C4 00 00 00 98 52 74 65 C4 00 00 00 98 52 74 65 C4 00 00 00 1C EA 6A 29 C4 00 00 00 CC 19 19 2E C4 00 00 00 FF FF FF FF 00 00 00 00 13 06 E3 FF 04 00 00 00 30 89 D8 DF C3 00 00 00 08 8D D8 DF C3 00 00 00 08 8D D8 DF C3 00 00 00 00 00 00 00 00 00 00 00 00 00 00 00 00 00 00 00 00 00 00 00 00 00 00 00 00 00 00 00 00 00 00 00 00 00 00 00 00 00 00 00 00 00 00 00 00 00 00 00 10 D1 06 65 C4 00 00 00 58 D0 0E 00 DC 01 00 00 00 C8 0E 00 DC 01 00 00 40 BA D4 B1 DB 01 00 00 89 85 00 00 94 11 00 00 40 9C 00 00 00 00 00 00 00 A4 7F 2D C4 00 00 00 F8 A4 7F 2D C4 00 00 00 F8 A4 7F 2D C4 00 00 00 3C E9 6A 29 C4 00 00 00 EC 19 19 2E C4 00 00 00 FF FF FF FF 00 00 00 00 AA 5D 00 FF 04 00 00 00 30 79 D8 DF C3 00 00 00 C8 7C D8 DF C3 00 00 00 C8 7C D8 DF C3 00 00 00 00 00 00 00 00 00 00 00 00 00 00 00 00 00 00 00 00 00 00 00 00 00 00 00
=== Brentford (Cino: 1DBA35F3170) ===
70 DB 9F 66 C4 00 00 00 78 DB 9F 66 C4 00 00 00 78 DB 9F 66 C4 00 00 00 00 00 00 00 00 00 00 00 00 00 00 00 00 00 00 00 00 00 00 00 00 00 00 00 00 00 00 00 00 00 00 00 00 00 00 00 00 00 00 00 00 00 00 00 00 00 00 00 00 00 00 00 00 00 00 00 00 00 00 00 00 00 00 00 00 00 00 00 00 00 00 00 C0 06 6B B2 DB 01 00 00 FA 00 00 00 64 00 00 00 C4 09 00 00 00 00 00 00 80 2E 7A 66 C4 00 00 00 00 2F 7A 66 C4 00 00 00 00 2F 7A 66 C4 00 00 00 CC B3 59 00 C4 00 00 00 4C 55 19 2E C4 00 00 00 FA FA FA FF 00 00 00 00 2C 1C CF FF 00 00 00 00 00 00 00 00 00 00 00 00 00 00 00 00 00 00 00 00 00 00 00 00 00 00 00 00 00 00 00 00 00 00 00 00 00 00 00 00 00 00 00 00 00 00 00 00 00 00 00 00 00 00 00 00 00 00 00 00 00 00 00 00 00 00 00 00 00 00 00 00 00 00 00 00 00 00 00 00 00 00 00 00 00 00 00 00 00 00 00 00 00 00 00 00 00 00 00 00 40 08 6B B2 DB 01 00 00 FA 00 00 00 64 00 00 00 F9 15 00 00 00 00 00 00 00 00 00 00 00 00 00 00 00 00 00 00 00 00 00 00 00 00 00 00 00 00 00 00 00 00 00 00 00 00 00 00 00 00 00 00 00 00 00 00 71 B5 3C FF 00 00 00 00 FA FA FA FF 00 00 00 00 00 00 00 00 00 00 00 00 00 00 00 00 00 00 00 00 00 00 00 00 00 00 00 00 00 00 00 00 00 00 00 00 00 00 00 00 00 00 00 00 00 00 00 00 00 00 00 00 00 00 00 00 00 00 00 00 00 00 00 00 00 00 00 00 00 00 00 00 00 00 00 00 00 00 00 00 00 00 00 00 00 00 00 00 00 00 00 00 00 00 00 00 00 00 00 00 C0 09 6B B2 DB 01 00 00 FA 00 00 00 64 00 00 00 35 0C 00 00 00 00 00 00 00 00 00 00 00 00 00 00 00 00 00 00 00 00 00 00 00 00 00 00 00 00 00 00 00 00 00 00 00 00 00 00 00 00 00 00 00 00 00 00 71 B5 3C FF 00 00 00 00 24 24 D4 FF 00 00 00 00 00 00 00 00 00 00 00 00 00 00 00 00 00 00 00 00 00 00 00 00 00 00 00 00 00 00 00 00 00 00 00 00 00 00 00 00 00 00 00 00 00 00 00 00 00 00 00 00 00 00 00 00 00 00 00 00 00 00 00 00 00 00 00 00 00 00 00 00 00 00 00 00 00 00 00 00 00 00 00 00 00 00 00 00 00 00 00 00 00 00 00 00 00 00 00 00 40 0B 6B B2 DB 01 00 00 FA 00 00 00 64 00 00 00 F9 15 00 00 00 00 00 00 50 E8 A7 66 C4 00 00 00 B0 E8 A7 66 C4 00 00 00 B0 E8 A7 66 C4 00 00 00 00 00 00 00 00 00 00 00 00 00 00 00 00 00 00 00 D9 4E 32 FF 00 00 00 00 FA FA FA FF 00 00 00 00 A0 DB 9F 66 C4 00 00 00 A8 DB 9F 66 C4 00 00 00 A8 DB 9F 66 C4 00 00 00 00 00 00 00 00 00 00 00 00 00 00 00 00 00 00 00 00 00 00 00 00 00 00 00 00 00 00 00 00 00 00 00 00 00 00 00 00 00 00 00 00 00 00 00 00 00 00 00 00 00 00 00 00 00 00 00 00 00 00 00 00 00 00 00 00 00 00 00 00 00 00 00 C0 0C 6B B2 DB 01 00 00 FA 00 00 00 64 00 00 00 6A 18 00 00 00 00 00 00 B0 E8 A7 66 C4 00 00 00 10 E9 A7 66 C4 00 00 00 10 E9 A7 66 C4 00 00 00 00 00 00 00 00 00 00 00 00 00 00 00 00 00 00 00 00 00 00 FF 00 00 00 00 00 D9 FF FF 00 00 00 00 00 00 00 00 00 00 00 00 00 00 00 00 00 00 00 00 00 00 00 00 00 00 00 00 00 00 00 00 00 00 00 00 00 00 00 00 00 00 00 00 00 00 00 00 00 00 00 00 00 00 00 00 00 00 00 00 00 00 00 00 00 00 00 00 00 00 00 00 00 00 00 00 00 00 00 00 00 00 00 00 00 00 00 00 00 00 00 00 00 00 00 00 00 00 00 00 40 0E 6B B2 DB 01 00 00 FA 00 00 00 64 00 00 00 5E 1A 00 00 00 00 00 00 80 12 9A 66 C4 00 00 00 C8 12 9A 66 C4 00 00 00 C8 12 9A 66 C4 00 00 00 00 00 00 00 00 00 00 00 00 00 00 00 00 00 00 00 DB E6 67 FF 00 00 00 00 21 20 1E FF 00 00 00 00 00 00 00 00 00 00 00 00 00 00 00 00 00 00 00 00 00 00 00 00 00 00 00 00 00 00 00 00 00 00 00 00 00 00 00 00 00 00 00 00 00 00 00 00 00 00 00 00 00 00 00 00 00 00 00 00 00 00 00 00 00 00 00 00 00 00 00 00 00 00 00 00 00 00 00 00 00 00 00 00 00 00 00 00 00 00 00 00 00 00 00 00 00 00 00 00 C0 0F 6B B2 DB 01 00 00 FA 00 00 00 64 00 00 00 70 17 00 00 00 00 00 00 D0 12 9A 66 C4 00 00 00 18 13 9A 66 C4 00 00 00 18 13 9A 66 C4 00 00 00 00 00 00 00 00 00 00 00 00 00 00 00 00 00 00 00 FA FA FA FF 00 00 00 00 F3 88 BE FF 00 00 00 00 00 00 00 00 00 00 00 00 00 00 00 00 00 00 00 00 00 00 00 00 00 00 00 00 00 00 00 00 00 00 00 00 00 00 00 00 00 00 00 00 00 00 00 00 00 00 00 00
=== Blackburn Rovers (Cino: 25B398A1DA0) ===
60 28 52 AF DC 00 00 00 E0 29 52 AF DC 00 00 00 E0 29 52 AF DC 00 00 00 00 00 00 00 00 00 00 00 00 00 00 00 00 00 00 00 00 00 00 00 00 00 00 00 00 00 00 00 00 00 00 00 00 00 00 00 00 00 00 00 00 00 00 00 00 00 00 00 00 31 34 F5 DC 00 00 00 38 AC B0 81 5B 02 00 00 E0 A3 B0 81 5B 02 00 00 40 21 E3 80 5B 02 00 00 4A 62 00 00 64 19 00 00 C8 8B 00 00 1D 04 3F 04 40 8E A1 F5 DC 00 00 00 10 8F A1 F5 DC 00 00 00 10 8F A1 F5 DC 00 00 00 BC 8A 3D C0 DC 00 00 00 CC 97 83 B8 DC 00 00 00 FF FF FF FF 00 00 00 00 9C 5E 00 FF 00 00 00 00 D0 0C 32 AB DC 00 00 00 88 0E 32 AB DC 00 00 00 88 0E 32 AB DC 00 00 00 00 00 00 00 00 00 00 00 00 00 00 00 00 00 00 00 00 00 00 00 00 00 00 00 00 00 00 00 00 00 00 00 00 00 00 00 00 00 00 00 00 00 00 00 00 00 00 00 40 2A 34 F5 DC 00 00 00 E8 BC B0 81 5B 02 00 00 90 B4 B0 81 5B 02 00 00 C0 22 E3 80 5B 02 00 00 20 3B 00 00 AC 0D 00 00 06 66 00 00 1D 1B 04 1D 20 8F A1 F5 DC 00 00 00 00 90 A1 F5 DC 00 00 00 00 90 A1 F5 DC 00 00 00 DC 8B 3D C0 DC 00 00 00 EC 97 83 B8 DC 00 00 00 FF FF FF FF 00 00 00 00 12 87 F6 FF 08 00 00 00 D0 EF 36 AF DC 00 00 00 50 F2 36 AF DC 00 00 00 50 F2 36 AF DC 00 00 00 00 00 00 00 00 00 00 00 00 00 00 00 00 00 00 00 00 00 00 00 00 00 00 00 00 00 00 00 00 00 00 00 00 00 00 00 00 00 00 00 00 00 00 00 00 00 00 00 00 2B 34 F5 DC 00 00 00 98 CD B0 81 5B 02 00 00 40 C5 B0 81 5B 02 00 00 40 24 E3 80 5B 02 00 00 48 64 00 00 B8 0B 00 00 C4 86 00 00 00 00 00 00 00 90 A1 F5 DC 00 00 00 D8 90 A1 F5 DC 00 00 00 D8 90 A1 F5 DC 00 00 00 5C 17 79 6B DC 00 00 00 0C 98 83 B8 DC 00 00 00 7E 3C 26 FF 00 00 00 00 FF FF FF FF 00 00 00 00 40 EF 45 B8 DC 00 00 00 78 EF 45 B8 DC 00 00 00 78 EF 45 B8 DC 00 00 00 00 00 00 00 00 00 00 00 00 00 00 00 00 00 00 00 00 00 00 00 00 00 00 00 00 00 00 00 00 00 00 00 00 00 00 00 00 00 00 00 00 00 00 00 00 00 00 00 A0 2A 34 F5 DC 00 00 00 48 DE B0 81 5B 02 00 00 F0 D5 B0 81 5B 02 00 00 C0 25 E3 80 5B 02 00 00 F9 0A 00 00 E8 03 00 00 06 1C 00 00 1D 04 40 1C 80 83 A2 F5 DC 00 00 00 38 84 A2 F5 DC 00 00 00 38 84 A2 F5 DC 00 00 00 EC FC 04 19 DE 00 00 00 2C 98 83 B8 DC 00 00 00 20 1F 23 FF 00 00 00 00 07 C7 FB FF 04 00 00 00 20 8A E9 B7 DC 00 00 00 20 8C E9 B7 DC 00 00 00 20 8C E9 B7 DC 00 00 00 00 00 00 00 00 00 00 00 00 00 00 00 00 00 00 00 00 00 00 00 00 00 00 00 00 00 00 00 00 00 00 00 00 00 00 00 00 00 00 00 00 00 00 00 00 00 00 00 80 31 34 F5 DC 00 00 00 F8 EE B0 81 5B 02 00 00 A0 E6 B0 81 5B 02 00 00 40 27 E3 80 5B 02 00 00 B2 4A 00 00 B8 0B 00 00 A8 61 00 00 03 04 04 03 E0 90 A1 F5 DC 00 00 00 B8 91 A1 F5 DC 00 00 00 B8 91 A1 F5 DC 00 00 00 9C 8C 3D C0 DC 00 00 00 4C 98 83 B8 DC 00 00 00 26 9B F9 FF 00 00 00 00 33 06 6C FF 2C 00 00 00 10 13 6F A9 DC 00 00 00 E8 15 6F A9 DC 00 00 00 E8 15 6F A9 DC 00 00 00 00 00 00 00 00 00 00 00 00 00 00 00 00 00 00 00 00 00 00 00 00 00 00 00 00 00 00 00 00 00 00 00 00 00 00 00 00 00 00 00 00 00 00 00 00 00 00 00 E0 2B 34 F5 DC 00 00 00 A8 FF B0 81 5B 02 00 00 50 F7 B0 81 5B 02 00 00 C0 28 E3 80 5B 02 00 00 4B 56 00 00 E0 2E 00 00 8C 69 00 00 04 1D 23 1D C0 91 A1 F5 DC 00 00 00 98 92 A1 F5 DC 00 00 00 98 92 A1 F5 DC 00 00 00 FC 8C 3D C0 DC 00 00 00 6C 98 83 B8 DC 00 00 00 FF FF FF FF 00 00 00 00 13 06 E3 FF 04 00 00 00 60 88 E4 71 DC 00 00 00 38 8C E4 71 DC 00 00 00 38 8C E4 71 DC 00 00 00 00 00 00 00 00 00 00 00 00 00 00 00 00 00 00 00 00 00 00 00 00 00 00 00 00 00 00 00 00 00 00 00 00 00 00 00 00 00 00 00 00 00 00 00 00 00 00 00 80 2F 34 F5 DC 00 00 00 58 10 B1 81 5B 02 00 00 00 08 B1 81 5B 02 00 00 40 2A E3 80 5B 02 00 00 89 85 00 00 94 11 00 00 40 9C 00 00 00 00 00 00 40 43 EB B7 DC 00 00 00 38 44 EB B7 DC 00 00 00 38 44 EB B7 DC 00 00 00 1C 8C 3D C0 DC 00 00 00 8C 98 83 B8 DC 00 00 00 FF FF FF FF 00 00 00 00 AA 5D 00 FF 04 00 00 00 60 78 E4 71 DC 00 00 00 F8 7B E4 71 DC 00 00 00 F8 7B E4 71 DC 00 00 00 00 00 00 00 00 00 00 00 00 00 00 00 00 00 00 00 00 00 00 00 00 00 00 00
=== Brighton & Hove Albion (Cino: 25B39CB1E90) ===
D0 35 37 AF DC 00 00 00 D8 37 37 AF DC 00 00 00 D8 37 37 AF DC 00 00 00 00 00 00 00 00 00 00 00 00 00 00 00 00 00 00 00 00 00 00 00 00 00 00 00 00 00 00 00 00 00 00 00 00 00 00 00 00 00 00 00 00 00 00 00 00 00 00 00 50 DD 9E F6 DC 00 00 00 C8 B3 B6 83 5B 02 00 00 70 AB B6 83 5B 02 00 00 C0 1A 63 81 5B 02 00 00 B7 46 00 00 66 04 00 00 A8 61 00 00 23 1D 40 23 A0 52 50 F6 DC 00 00 00 88 53 50 F6 DC 00 00 00 88 53 50 F6 DC 00 00 00 4C F0 AB 6B DC 00 00 00 00 00 00 00 00 00 00 00 FA FA FA FF 00 00 00 00 A5 54 00 FF 20 00 00 00 D0 91 A4 F6 DC 00 00 00 A8 92 A4 F6 DC 00 00 00 A8 92 A4 F6 DC 00 00 00 00 00 00 00 00 00 00 00 00 00 00 00 00 00 00 00 00 00 00 00 00 00 00 00 00 00 00 00 00 00 00 00 00 00 00 00 00 00 00 00 00 00 00 00 00 00 00 00 50 DE 9E F6 DC 00 00 00 78 C4 B6 83 5B 02 00 00 20 BC B6 83 5B 02 00 00 40 1C 63 81 5B 02 00 00 16 18 00 00 28 04 00 00 52 1B 00 00 1D 04 1D 1C 20 F0 48 F6 DC 00 00 00 B8 F0 48 F6 DC 00 00 00 B8 F0 48 F6 DC 00 00 00 8C 00 AC 6B DC 00 00 00 00 00 00 00 00 00 00 00 FA FA FA FF 00 00 00 00 B5 55 2F FF 24 00 00 00 50 38 37 AF DC 00 00 00 80 3A 37 AF DC 00 00 00 80 3A 37 AF DC 00 00 00 00 00 00 00 00 00 00 00 00 00 00 00 00 00 00 00 00 00 00 00 00 00 00 00 00 00 00 00 00 00 00 00 00 00 00 00 00 00 00 00 00 00 00 00 00 00 00 00 30 E3 9E F6 DC 00 00 00 28 D5 B6 83 5B 02 00 00 D0 CC B6 83 5B 02 00 00 C0 1D 63 81 5B 02 00 00 7F 87 00 00 CA 06 00 00 FD A2 00 00 04 1E 00 40 B0 06 B0 F6 DC 00 00 00 40 07 B0 F6 DC 00 00 00 40 07 B0 F6 DC 00 00 00 2C C0 D6 A2 DC 00 00 00 00 00 00 00 00 00 00 00 FA FA FA FF 00 00 00 00 93 45 01 FF 20 00 00 00 A0 53 50 F6 DC 00 00 00 A0 54 50 F6 DC 00 00 00 A0 54 50 F6 DC 00 00 00 00 00 00 00 00 00 00 00 00 00 00 00 00 00 00 00 00 00 00 00 00 00 00 00 00 00 00 00 00 00 00 00 00 00 00 00 00 00 00 00 00 00 00 00 00 00 00 00 70 E8 9E F6 DC 00 00 00 D8 E5 B6 83 5B 02 00 00 80 DD B6 83 5B 02 00 00 40 1F 63 81 5B 02 00 00 8C 50 00 00 56 08 00 00 08 5B 00 00 04 1D 04 04 90 93 A4 F6 DC 00 00 00 60 94 A4 F6 DC 00 00 00 60 94 A4 F6 DC 00 00 00 EC 00 AC 6B DC 00 00 00 00 00 00 00 00 00 00 00 FA FA FA FF 00 00 00 00 E1 B2 7A FF 28 00 00 00 A0 CD 4A F6 DC 00 00 00 20 CF 4A F6 DC 00 00 00 20 CF 4A F6 DC 00 00 00 00 00 00 00 00 00 00 00 00 00 00 00 00 00 00 00 00 00 00 00 00 00 00 00 00 00 00 00 00 00 00 00 00 00 00 00 00 00 00 00 00 00 00 00 00 00 00 00 B0 E8 9E F6 DC 00 00 00 88 F6 B6 83 5B 02 00 00 30 EE B6 83 5B 02 00 00 C0 20 63 81 5B 02 00 00 74 5A 00 00 DC 0F 00 00 8B 6C 00 00 1D 04 1D 1D 70 94 A4 F6 DC 00 00 00 40 95 A4 F6 DC 00 00 00 40 95 A4 F6 DC 00 00 00 2C 2B 83 B8 DC 00 00 00 00 00 00 00 00 00 00 00 FA FA FA FF 00 00 00 00 2C 1C CF FF 28 00 00 00 00 3C A7 F6 DC 00 00 00 08 3C A7 F6 DC 00 00 00 08 3C A7 F6 DC 00 00 00 00 00 00 00 00 00 00 00 00 00 00 00 00 00 00 00 00 00 00 00 00 00 00 00 00 00 00 00 00 00 00 00 00 00 00 00 00 00 00 00 00 00 00 00 00 00 00 00 00 00 00 00 00 00 00 00 00 00 00 00 00 00 00 00 00 00 00 00 00 00 00 00 40 22 63 81 5B 02 00 00 FA 00 00 00 64 00 00 00 C4 09 00 00 00 00 00 00 F0 10 97 F6 DC 00 00 00 98 11 97 F6 DC 00 00 00 98 11 97 F6 DC 00 00 00 0C C0 D6 A2 DC 00 00 00 00 00 00 00 00 00 00 00 FA FA FA FF 00 00 00 00 B8 7B 3D FF 00 00 00 00 20 B0 B7 F5 DC 00 00 00 58 B1 B7 F5 DC 00 00 00 58 B1 B7 F5 DC 00 00 00 00 00 00 00 00 00 00 00 00 00 00 00 00 00 00 00 00 00 00 00 00 00 00 00 00 00 00 00 00 00 00 00 00 00 00 00 00 00 00 00 00 00 00 00 00 00 00 00 F0 E3 9E F6 DC 00 00 00 38 07 B7 83 5B 02 00 00 E0 FE B6 83 5B 02 00 00 C0 23 63 81 5B 02 00 00 FF 3D 00 00 22 03 00 00 67 4A 00 00 00 00 00 00 B0 11 97 F6 DC 00 00 00 68 12 97 F6 DC 00 00 00 68 12 97 F6 DC 00 00 00 8C BF D6 A2 DC 00 00 00 00 00 00 00 00 00 00 00 5C 28 17 FF 00 00 00 00 FA FA FA FF 00 00 00 00 20 CF 4A F6 DC 00 00 00 78 D0 4A F6 DC 00 00 00 78 D0 4A F6 DC 00 00 00 00 00 00 00 00 00 00 00 00 00 00 00 00 00 00 00 00 00 00 00 00 00 00 00
=== Aston Villa (Cino: 25B398A1770) ===
B0 37 FA 71 DC 00 00 00 D8 3A FA 71 DC 00 00 00 D8 3A FA 71 DC 00 00 00 00 00 00 00 00 00 00 00 00 00 00 00 00 00 00 00 00 00 00 00 00 00 00 00 00 00 00 00 00 00 00 00 00 00 00 00 00 00 00 00 00 00 00 00 00 00 00 00 E0 30 34 F5 DC 00 00 00 68 37 B0 81 5B 02 00 00 10 2F B0 81 5B 02 00 00 40 15 E3 80 5B 02 00 00 97 AE 00 00 A8 61 00 00 D8 D6 00 00 1D 23 04 1D 40 3F EB B7 DC 00 00 00 28 40 EB B7 DC 00 00 00 28 40 EB B7 DC 00 00 00 6C FC 04 19 DE 00 00 00 CC 96 83 B8 DC 00 00 00 E5 BE 94 FF 00 00 00 00 24 00 48 FF 24 00 00 00 00 00 00 00 00 00 00 00 00 00 00 00 00 00 00 00 00 00 00 00 00 00 00 00 00 00 00 00 00 00 00 00 00 00 00 00 00 00 00 00 00 00 00 00 00 00 00 00 00 00 00 00 00 00 00 00 00 00 00 00 00 00 00 00 00 00 00 00 00 00 00 00 00 00 00 00 00 00 00 00 00 00 00 00 00 00 00 00 00 00 00 00 00 00 00 00 00 00 00 00 00 00 00 00 A2 00 00 00 64 00 00 00 07 0E 00 00 00 00 00 00 00 00 00 00 00 00 00 00 00 00 00 00 00 00 00 00 00 00 00 00 00 00 00 00 8C F7 04 19 DE 00 00 00 00 00 00 00 00 00 00 00 FA FA FA FF 00 00 00 00 B5 55 2F FF 00 00 00 00 40 40 EB B7 DC 00 00 00 30 41 EB B7 DC 00 00 00 30 41 EB B7 DC 00 00 00 00 00 00 00 00 00 00 00 00 00 00 00 00 00 00 00 00 00 00 00 00 00 00 00 00 00 00 00 00 00 00 00 00 00 00 00 00 00 00 00 00 00 00 00 00 00 00 00 80 2B 34 F5 DC 00 00 00 18 48 B0 81 5B 02 00 00 C0 3F B0 81 5B 02 00 00 C0 16 E3 80 5B 02 00 00 88 24 00 00 58 02 00 00 44 2F 00 00 1D 03 1D 03 C0 8A A1 F5 DC 00 00 00 88 8B A1 F5 DC 00 00 00 88 8B A1 F5 DC 00 00 00 8C FC 04 19 DE 00 00 00 EC 96 83 B8 DC 00 00 00 00 00 00 FF 00 00 00 00 00 77 FF FF 00 00 00 00 50 ED 36 AF DC 00 00 00 80 EF 36 AF DC 00 00 00 80 EF 36 AF DC 00 00 00 00 00 00 00 00 00 00 00 00 00 00 00 00 00 00 00 00 00 00 00 00 00 00 00 00 00 00 00 00 00 00 00 00 00 00 00 00 00 00 00 00 00 00 00 00 00 00 00 00 2C 34 F5 DC 00 00 00 C8 58 B0 81 5B 02 00 00 70 50 B0 81 5B 02 00 00 40 18 E3 80 5B 02 00 00 55 2F 00 00 A0 0F 00 00 A8 61 00 00 03 1D 1E 03 A0 8B A1 F5 DC 00 00 00 68 8C A1 F5 DC 00 00 00 68 8C A1 F5 DC 00 00 00 3C 8B 3D C0 DC 00 00 00 0C 97 83 B8 DC 00 00 00 FF FF FF FF 00 00 00 00 21 19 D7 FF 00 00 00 00 00 EC 45 B8 DC 00 00 00 40 EC 45 B8 DC 00 00 00 40 EC 45 B8 DC 00 00 00 00 00 00 00 00 00 00 00 00 00 00 00 00 00 00 00 00 00 00 00 00 00 00 00 00 00 00 00 00 00 00 00 00 00 00 00 00 00 00 00 00 00 00 00 00 00 00 00 C0 31 34 F5 DC 00 00 00 78 69 B0 81 5B 02 00 00 20 61 B0 81 5B 02 00 00 C0 19 E3 80 5B 02 00 00 DB 18 00 00 58 02 00 00 CB 28 00 00 00 00 00 00 80 8C A1 F5 DC 00 00 00 58 8D A1 F5 DC 00 00 00 58 8D A1 F5 DC 00 00 00 DC 16 79 6B DC 00 00 00 2C 97 83 B8 DC 00 00 00 7D 3D 22 FF 00 00 00 00 FF FF FF FF 00 00 00 00 80 EC 45 B8 DC 00 00 00 C0 EC 45 B8 DC 00 00 00 C0 EC 45 B8 DC 00 00 00 00 00 00 00 00 00 00 00 00 00 00 00 00 00 00 00 00 00 00 00 00 00 00 00 00 00 00 00 00 00 00 00 00 00 00 00 00 00 00 00 00 00 00 00 00 00 00 00 60 2B 34 F5 DC 00 00 00 28 7A B0 81 5B 02 00 00 D0 71 B0 81 5B 02 00 00 40 1B E3 80 5B 02 00 00 4C 0C 00 00 20 03 00 00 35 74 00 00 40 04 1E 04 40 81 A2 F5 DC 00 00 00 E8 81 A2 F5 DC 00 00 00 E8 81 A2 F5 DC 00 00 00 3C 17 79 6B DC 00 00 00 4C 97 83 B8 DC 00 00 00 FF FF FF FF 00 00 00 00 00 00 00 FF 24 00 00 00 50 EB F7 62 DC 00 00 00 98 EF F7 62 DC 00 00 00 98 EF F7 62 DC 00 00 00 00 00 00 00 00 00 00 00 00 00 00 00 00 00 00 00 00 00 00 00 00 00 00 00 00 BD 58 F5 DC 00 00 00 08 BD 58 F5 DC 00 00 00 08 BD 58 F5 DC 00 00 00 60 2C 34 F5 DC 00 00 00 D8 8A B0 81 5B 02 00 00 80 82 B0 81 5B 02 00 00 C0 1C E3 80 5B 02 00 00 79 5A 00 00 58 1B 00 00 50 C3 00 00 03 1D 1D 03 60 8D A1 F5 DC 00 00 00 38 8E A1 F5 DC 00 00 00 38 8E A1 F5 DC 00 00 00 7C 8B 3D C0 DC 00 00 00 6C 97 83 B8 DC 00 00 00 FF FF FF FF 00 00 00 00 8F 3D 1E FF 20 00 00 00 10 BD 58 F5 DC 00 00 00 20 BD 58 F5 DC 00 00 00 20 BD 58 F5 DC 00 00 00 00 00 00 00 00 00 00 00 00 00 00 00 00 00 00 00 00 00 00 00 00 00 00 00
=== Arsenal (Cino: 25B398A16C0) ===
10 10 6F A9 DC 00 00 00 A0 12 6F A9 DC 00 00 00 A0 12 6F A9 DC 00 00 00 00 00 00 00 00 00 00 00 00 00 00 00 00 00 00 00 00 00 00 00 00 00 00 00 00 00 00 00 00 00 00 00 00 00 00 00 00 00 00 00 00 00 00 00 00 00 00 00 60 2F 34 F5 DC 00 00 00 B8 26 B0 81 5B 02 00 00 60 1E B0 81 5B 02 00 00 C0 13 E3 80 5B 02 00 00 21 F3 00 00 C8 AF 00 00 18 73 01 00 04 00 04 04 40 3E EB B7 DC 00 00 00 28 3F EB B7 DC 00 00 00 28 3F EB B7 DC 00 00 00 2C FC 04 19 DE 00 00 00 00 00 00 00 00 00 00 00 FF FF FF FF 00 00 00 00 07 00 DB FF 00 00 00 00 B0 37 FA 71 DC 00 00 00 D8 3A FA 71 DC 00 00 00 D8 3A FA 71 DC 00 00 00 00 00 00 00 00 00 00 00 00 00 00 00 00 00 00 00 00 00 00 00 00 00 00 00 00 00 00 00 00 00 00 00 00 00 00 00 00 00 00 00 00 00 00 00 00 00 00 00 E0 30 34 F5 DC 00 00 00 68 37 B0 81 5B 02 00 00 10 2F B0 81 5B 02 00 00 40 15 E3 80 5B 02 00 00 97 AE 00 00 A8 61 00 00 D8 D6 00 00 1D 23 04 1D 40 3F EB B7 DC 00 00 00 28 40 EB B7 DC 00 00 00 28 40 EB B7 DC 00 00 00 6C FC 04 19 DE 00 00 00 CC 96 83 B8 DC 00 00 00 E5 BE 94 FF 00 00 00 00 24 00 48 FF 24 00 00 00 00 00 00 00 00 00 00 00 00 00 00 00 00 00 00 00 00 00 00 00 00 00 00 00 00 00 00 00 00 00 00 00 00 00 00 00 00 00 00 00 00 00 00 00 00 00 00 00 00 00 00 00 00 00 00 00 00 00 00 00 00 00 00 00 00 00 00 00 00 00 00 00 00 00 00 00 00 00 00 00 00 00 00 00 00 00 00 00 00 00 00 00 00 00 00 00 00 00 00 00 00 00 00 00 A2 00 00 00 64 00 00 00 07 0E 00 00 00 00 00 00 00 00 00 00 00 00 00 00 00 00 00 00 00 00 00 00 00 00 00 00 00 00 00 00 8C F7 04 19 DE 00 00 00 00 00 00 00 00 00 00 00 FA FA FA FF 00 00 00 00 B5 55 2F FF 00 00 00 00 40 40 EB B7 DC 00 00 00 30 41 EB B7 DC 00 00 00 30 41 EB B7 DC 00 00 00 00 00 00 00 00 00 00 00 00 00 00 00 00 00 00 00 00 00 00 00 00 00 00 00 00 00 00 00 00 00 00 00 00 00 00 00 00 00 00 00 00 00 00 00 00 00 00 00 80 2B 34 F5 DC 00 00 00 18 48 B0 81 5B 02 00 00 C0 3F B0 81 5B 02 00 00 C0 16 E3 80 5B 02 00 00 88 24 00 00 58 02 00 00 44 2F 00 00 1D 03 1D 03 C0 8A A1 F5 DC 00 00 00 88 8B A1 F5 DC 00 00 00 88 8B A1 F5 DC 00 00 00 8C FC 04 19 DE 00 00 00 EC 96 83 B8 DC 00 00 00 00 00 00 FF 00 00 00 00 00 77 FF FF 00 00 00 00 50 ED 36 AF DC 00 00 00 80 EF 36 AF DC 00 00 00 80 EF 36 AF DC 00 00 00 00 00 00 00 00 00 00 00 00 00 00 00 00 00 00 00 00 00 00 00 00 00 00 00 00 00 00 00 00 00 00 00 00 00 00 00 00 00 00 00 00 00 00 00 00 00 00 00 00 2C 34 F5 DC 00 00 00 C8 58 B0 81 5B 02 00 00 70 50 B0 81 5B 02 00 00 40 18 E3 80 5B 02 00 00 55 2F 00 00 A0 0F 00 00 A8 61 00 00 03 1D 1E 03 A0 8B A1 F5 DC 00 00 00 68 8C A1 F5 DC 00 00 00 68 8C A1 F5 DC 00 00 00 3C 8B 3D C0 DC 00 00 00 0C 97 83 B8 DC 00 00 00 FF FF FF FF 00 00 00 00 21 19 D7 FF 00 00 00 00 00 EC 45 B8 DC 00 00 00 40 EC 45 B8 DC 00 00 00 40 EC 45 B8 DC 00 00 00 00 00 00 00 00 00 00 00 00 00 00 00 00 00 00 00 00 00 00 00 00 00 00 00 00 00 00 00 00 00 00 00 00 00 00 00 00 00 00 00 00 00 00 00 00 00 00 00 C0 31 34 F5 DC 00 00 00 78 69 B0 81 5B 02 00 00 20 61 B0 81 5B 02 00 00 C0 19 E3 80 5B 02 00 00 DB 18 00 00 58 02 00 00 CB 28 00 00 00 00 00 00 80 8C A1 F5 DC 00 00 00 58 8D A1 F5 DC 00 00 00 58 8D A1 F5 DC 00 00 00 DC 16 79 6B DC 00 00 00 2C 97 83 B8 DC 00 00 00 7D 3D 22 FF 00 00 00 00 FF FF FF FF 00 00 00 00 80 EC 45 B8 DC 00 00 00 C0 EC 45 B8 DC 00 00 00 C0 EC 45 B8 DC 00 00 00 00 00 00 00 00 00 00 00 00 00 00 00 00 00 00 00 00 00 00 00 00 00 00 00 00 00 00 00 00 00 00 00 00 00 00 00 00 00 00 00 00 00 00 00 00 00 00 00 60 2B 34 F5 DC 00 00 00 28 7A B0 81 5B 02 00 00 D0 71 B0 81 5B 02 00 00 40 1B E3 80 5B 02 00 00 4C 0C 00 00 20 03 00 00 35 74 00 00 40 04 1E 04 40 81 A2 F5 DC 00 00 00 E8 81 A2 F5 DC 00 00 00 E8 81 A2 F5 DC 00 00 00 3C 17 79 6B DC 00 00 00 4C 97 83 B8 DC 00 00 00 FF FF FF FF 00 00 00 00 00 00 00 FF 24 00 00 00 50 EB F7 62 DC 00 00 00 98 EF F7 62 DC 00 00 00 98 EF F7 62 DC 00 00 00 00 00 00 00 00 00 00 00 00 00 00 00 00 00 00 00 00 00 00 00 00 00 00 00
=== Brighton & Hove Albion (Cino: 25B398A21C0) ===
60 88 E4 71 DC 00 00 00 38 8C E4 71 DC 00 00 00 38 8C E4 71 DC 00 00 00 00 00 00 00 00 00 00 00 00 00 00 00 00 00 00 00 00 00 00 00 00 00 00 00 00 00 00 00 00 00 00 00 00 00 00 00 00 00 00 00 00 00 00 00 00 00 00 00 80 2F 34 F5 DC 00 00 00 58 10 B1 81 5B 02 00 00 00 08 B1 81 5B 02 00 00 40 2A E3 80 5B 02 00 00 89 85 00 00 94 11 00 00 40 9C 00 00 00 00 00 00 40 43 EB B7 DC 00 00 00 38 44 EB B7 DC 00 00 00 38 44 EB B7 DC 00 00 00 1C 8C 3D C0 DC 00 00 00 8C 98 83 B8 DC 00 00 00 FF FF FF FF 00 00 00 00 AA 5D 00 FF 04 00 00 00 60 78 E4 71 DC 00 00 00 F8 7B E4 71 DC 00 00 00 F8 7B E4 71 DC 00 00 00 00 00 00 00 00 00 00 00 00 00 00 00 00 00 00 00 00 00 00 00 00 00 00 00 00 00 00 00 00 00 00 00 00 00 00 00 00 00 00 00 00 00 00 00 00 00 00 00 60 2A 34 F5 DC 00 00 00 08 21 B1 81 5B 02 00 00 B0 18 B1 81 5B 02 00 00 C0 2B E3 80 5B 02 00 00 D2 61 00 00 94 11 00 00 8F 80 00 00 1D 40 1D 1D 40 44 EB B7 DC 00 00 00 28 45 EB B7 DC 00 00 00 28 45 EB B7 DC 00 00 00 4C FD 04 19 DE 00 00 00 AC 98 83 B8 DC 00 00 00 FF FF FF FF 00 00 00 00 23 1A E2 FF 2C 00 00 00 60 54 E4 71 DC 00 00 00 48 58 E4 71 DC 00 00 00 48 58 E4 71 DC 00 00 00 00 00 00 00 00 00 00 00 00 00 00 00 00 00 00 00 00 00 00 00 00 00 00 00 00 00 00 00 00 00 00 00 00 00 00 00 00 00 00 00 00 00 00 00 00 00 00 00 E0 2A 34 F5 DC 00 00 00 B8 31 B1 81 5B 02 00 00 60 29 B1 81 5B 02 00 00 40 2D E3 80 5B 02 00 00 11 37 00 00 B8 0B 00 00 4F 5E 00 00 00 00 00 00 80 93 A1 F5 DC 00 00 00 58 94 A1 F5 DC 00 00 00 58 94 A1 F5 DC 00 00 00 5C 8D 3D C0 DC 00 00 00 CC 98 83 B8 DC 00 00 00 FF FF FF FF 00 00 00 00 95 4B 00 FF 08 00 00 00 00 00 00 00 00 00 00 00 00 00 00 00 00 00 00 00 00 00 00 00 00 00 00 00 00 00 00 00 00 00 00 00 00 00 00 00 00 00 00 00 00 00 00 00 00 00 00 00 00 00 00 00 00 00 00 00 00 00 00 00 00 00 00 00 00 00 00 00 00 00 00 00 00 00 00 00 00 00 00 00 00 00 00 00 00 00 00 00 00 00 00 00 00 00 00 00 00 00 00 00 00 00 00 00 2C 01 00 00 64 00 00 00 7C 15 00 00 00 00 00 00 00 00 00 00 00 00 00 00 00 00 00 00 00 00 00 00 00 00 00 00 00 00 00 00 8C FB 04 19 DE 00 00 00 00 00 00 00 00 00 00 00 FA FA FA FF 00 00 00 00 B5 55 2F FF 00 00 00 00 10 16 6F A9 DC 00 00 00 B0 18 6F A9 DC 00 00 00 B0 18 6F A9 DC 00 00 00 00 00 00 00 00 00 00 00 00 00 00 00 00 00 00 00 00 00 00 00 00 00 00 00 00 00 00 00 00 00 00 00 00 00 00 00 00 00 00 00 00 00 00 00 00 00 00 00 20 2B 34 F5 DC 00 00 00 68 42 B1 81 5B 02 00 00 10 3A B1 81 5B 02 00 00 C0 2E E3 80 5B 02 00 00 5E 4A 00 00 10 27 00 00 60 6D 00 00 1D 1C 03 1C 40 45 EB B7 DC 00 00 00 28 46 EB B7 DC 00 00 00 28 46 EB B7 DC 00 00 00 9C 8D 3D C0 DC 00 00 00 EC 98 83 B8 DC 00 00 00 F5 C8 64 FF 00 00 00 00 41 00 5F FF 00 00 00 00 20 BF 58 F5 DC 00 00 00 30 BF 58 F5 DC 00 00 00 30 BF 58 F5 DC 00 00 00 00 00 00 00 00 00 00 00 00 00 00 00 00 00 00 00 00 00 00 00 00 00 00 00 00 00 00 00 00 00 00 00 00 00 00 00 00 00 00 00 00 00 00 00 00 00 00 00 00 00 00 00 00 00 00 00 00 00 00 00 00 00 00 00 00 00 00 00 00 00 00 00 40 30 E3 80 5B 02 00 00 A4 0C 00 00 D5 07 00 00 41 2E 00 00 03 1E 00 00 10 86 A6 F5 DC 00 00 00 A0 86 A6 F5 DC 00 00 00 A0 86 A6 F5 DC 00 00 00 BC 8E 3D C0 DC 00 00 00 0C 99 83 B8 DC 00 00 00 B5 55 2F FF 00 00 00 00 FA FA FA FF 24 00 00 00 90 0E 32 AB DC 00 00 00 30 10 32 AB DC 00 00 00 30 10 32 AB DC 00 00 00 00 00 00 00 00 00 00 00 00 00 00 00 00 00 00 00 00 00 00 00 00 00 00 00 00 00 00 00 00 00 00 00 00 00 00 00 00 00 00 00 00 00 00 00 00 00 00 00 20 2C 34 F5 DC 00 00 00 18 53 B1 81 5B 02 00 00 C0 4A B1 81 5B 02 00 00 C0 31 E3 80 5B 02 00 00 AF 40 00 00 D0 07 00 00 5D 7D 00 00 03 1D 03 07 40 46 EB B7 DC 00 00 00 28 47 EB B7 DC 00 00 00 28 47 EB B7 DC 00 00 00 7C 8D 3D C0 DC 00 00 00 2C 99 83 B8 DC 00 00 00 00 00 00 FF 00 00 00 00 00 9D FF FF 26 00 00 00 00 88 A2 F5 DC 00 00 00 C0 88 A2 F5 DC 00 00 00 C0 88 A2 F5 DC 00 00 00 00 00 00 00 00 00 00 00 00 00 00 00 00 00 00 00 00 00 00 00 00 00 00 00
=== Brentford (Cino: 25B398A2110) ===
10 13 6F A9 DC 00 00 00 E8 15 6F A9 DC 00 00 00 E8 15 6F A9 DC 00 00 00 00 00 00 00 00 00 00 00 00 00 00 00 00 00 00 00 00 00 00 00 00 00 00 00 00 00 00 00 00 00 00 00 00 00 00 00 00 00 00 00 00 00 00 00 00 00 00 00 E0 2B 34 F5 DC 00 00 00 A8 FF B0 81 5B 02 00 00 50 F7 B0 81 5B 02 00 00 C0 28 E3 80 5B 02 00 00 4B 56 00 00 E0 2E 00 00 8C 69 00 00 04 1D 23 1D C0 91 A1 F5 DC 00 00 00 98 92 A1 F5 DC 00 00 00 98 92 A1 F5 DC 00 00 00 FC 8C 3D C0 DC 00 00 00 6C 98 83 B8 DC 00 00 00 FF FF FF FF 00 00 00 00 13 06 E3 FF 04 00 00 00 60 88 E4 71 DC 00 00 00 38 8C E4 71 DC 00 00 00 38 8C E4 71 DC 00 00 00 00 00 00 00 00 00 00 00 00 00 00 00 00 00 00 00 00 00 00 00 00 00 00 00 00 00 00 00 00 00 00 00 00 00 00 00 00 00 00 00 00 00 00 00 00 00 00 00 80 2F 34 F5 DC 00 00 00 58 10 B1 81 5B 02 00 00 00 08 B1 81 5B 02 00 00 40 2A E3 80 5B 02 00 00 89 85 00 00 94 11 00 00 40 9C 00 00 00 00 00 00 40 43 EB B7 DC 00 00 00 38 44 EB B7 DC 00 00 00 38 44 EB B7 DC 00 00 00 1C 8C 3D C0 DC 00 00 00 8C 98 83 B8 DC 00 00 00 FF FF FF FF 00 00 00 00 AA 5D 00 FF 04 00 00 00 60 78 E4 71 DC 00 00 00 F8 7B E4 71 DC 00 00 00 F8 7B E4 71 DC 00 00 00 00 00 00 00 00 00 00 00 00 00 00 00 00 00 00 00 00 00 00 00 00 00 00 00 00 00 00 00 00 00 00 00 00 00 00 00 00 00 00 00 00 00 00 00 00 00 00 00 60 2A 34 F5 DC 00 00 00 08 21 B1 81 5B 02 00 00 B0 18 B1 81 5B 02 00 00 C0 2B E3 80 5B 02 00 00 D2 61 00 00 94 11 00 00 8F 80 00 00 1D 40 1D 1D 40 44 EB B7 DC 00 00 00 28 45 EB B7 DC 00 00 00 28 45 EB B7 DC 00 00 00 4C FD 04 19 DE 00 00 00 AC 98 83 B8 DC 00 00 00 FF FF FF FF 00 00 00 00 23 1A E2 FF 2C 00 00 00 60 54 E4 71 DC 00 00 00 48 58 E4 71 DC 00 00 00 48 58 E4 71 DC 00 00 00 00 00 00 00 00 00 00 00 00 00 00 00 00 00 00 00 00 00 00 00 00 00 00 00 00 00 00 00 00 00 00 00 00 00 00 00 00 00 00 00 00 00 00 00 00 00 00 00 E0 2A 34 F5 DC 00 00 00 B8 31 B1 81 5B 02 00 00 60 29 B1 81 5B 02 00 00 40 2D E3 80 5B 02 00 00 11 37 00 00 B8 0B 00 00 4F 5E 00 00 00 00 00 00 80 93 A1 F5 DC 00 00 00 58 94 A1 F5 DC 00 00 00 58 94 A1 F5 DC 00 00 00 5C 8D 3D C0 DC 00 00 00 CC 98 83 B8 DC 00 00 00 FF FF FF FF 00 00 00 00 95 4B 00 FF 08 00 00 00 00 00 00 00 00 00 00 00 00 00 00 00 00 00 00 00 00 00 00 00 00 00 00 00 00 00 00 00 00 00 00 00 00 00 00 00 00 00 00 00 00 00 00 00 00 00 00 00 00 00 00 00 00 00 00 00 00 00 00 00 00 00 00 00 00 00 00 00 00 00 00 00 00 00 00 00 00 00 00 00 00 00 00 00 00 00 00 00 00 00 00 00 00 00 00 00 00 00 00 00 00 00 00 00 2C 01 00 00 64 00 00 00 7C 15 00 00 00 00 00 00 00 00 00 00 00 00 00 00 00 00 00 00 00 00 00 00 00 00 00 00 00 00 00 00 8C FB 04 19 DE 00 00 00 00 00 00 00 00 00 00 00 FA FA FA FF 00 00 00 00 B5 55 2F FF 00 00 00 00 10 16 6F A9 DC 00 00 00 B0 18 6F A9 DC 00 00 00 B0 18 6F A9 DC 00 00 00 00 00 00 00 00 00 00 00 00 00 00 00 00 00 00 00 00 00 00 00 00 00 00 00 00 00 00 00 00 00 00 00 00 00 00 00 00 00 00 00 00 00 00 00 00 00 00 00 20 2B 34 F5 DC 00 00 00 68 42 B1 81 5B 02 00 00 10 3A B1 81 5B 02 00 00 C0 2E E3 80 5B 02 00 00 5E 4A 00 00 10 27 00 00 60 6D 00 00 1D 1C 03 1C 40 45 EB B7 DC 00 00 00 28 46 EB B7 DC 00 00 00 28 46 EB B7 DC 00 00 00 9C 8D 3D C0 DC 00 00 00 EC 98 83 B8 DC 00 00 00 F5 C8 64 FF 00 00 00 00 41 00 5F FF 00 00 00 00 20 BF 58 F5 DC 00 00 00 30 BF 58 F5 DC 00 00 00 30 BF 58 F5 DC 00 00 00 00 00 00 00 00 00 00 00 00 00 00 00 00 00 00 00 00 00 00 00 00 00 00 00 00 00 00 00 00 00 00 00 00 00 00 00 00 00 00 00 00 00 00 00 00 00 00 00 00 00 00 00 00 00 00 00 00 00 00 00 00 00 00 00 00 00 00 00 00 00 00 00 40 30 E3 80 5B 02 00 00 A4 0C 00 00 D5 07 00 00 41 2E 00 00 03 1E 00 00 10 86 A6 F5 DC 00 00 00 A0 86 A6 F5 DC 00 00 00 A0 86 A6 F5 DC 00 00 00 BC 8E 3D C0 DC 00 00 00 0C 99 83 B8 DC 00 00 00 B5 55 2F FF 00 00 00 00 FA FA FA FF 24 00 00 00 90 0E 32 AB DC 00 00 00 30 10 32 AB DC 00 00 00 30 10 32 AB DC 00 00 00 00 00 00 00 00 00 00 00 00 00 00 00 00 00 00 00 00 00 00 00 00 00 00 00
=== Aston Villa (Cino: 25B39CB1D30) ===
50 33 37 AF DC 00 00 00 A0 35 37 AF DC 00 00 00 A0 35 37 AF DC 00 00 00 00 00 00 00 00 00 00 00 00 00 00 00 00 00 00 00 00 00 00 00 00 00 00 00 00 00 00 00 00 00 00 00 00 00 00 00 00 00 00 00 00 00 00 00 00 00 00 00 70 DC 9E F6 DC 00 00 00 68 92 B6 83 5B 02 00 00 10 8A B6 83 5B 02 00 00 C0 17 63 81 5B 02 00 00 16 67 00 00 F8 06 00 00 B4 7B 00 00 1D 1B 1D 04 70 0C 97 F6 DC 00 00 00 28 0D 97 F6 DC 00 00 00 28 0D 97 F6 DC 00 00 00 AC E7 AB 6B DC 00 00 00 00 00 00 00 00 00 00 00 F0 BB 86 FF 00 00 00 00 33 00 66 FF 20 00 00 00 20 EA E9 B7 DC 00 00 00 08 EC E9 B7 DC 00 00 00 08 EC E9 B7 DC 00 00 00 00 00 00 00 00 00 00 00 00 00 00 00 00 00 00 00 00 00 00 00 00 00 00 00 B0 3B A7 F6 DC 00 00 00 B8 3B A7 F6 DC 00 00 00 B8 3B A7 F6 DC 00 00 00 30 DD 9E F6 DC 00 00 00 18 A3 B6 83 5B 02 00 00 C0 9A B6 83 5B 02 00 00 40 19 63 81 5B 02 00 00 22 89 00 00 DC 06 00 00 66 A2 00 00 1D 03 00 00 00 05 B0 F6 DC 00 00 00 88 05 B0 F6 DC 00 00 00 88 05 B0 F6 DC 00 00 00 6C F7 AB 6B DC 00 00 00 00 00 00 00 00 00 00 00 FA FA FA FF 00 00 00 00 B5 68 2D FF 08 00 00 00 D0 35 37 AF DC 00 00 00 D8 37 37 AF DC 00 00 00 D8 37 37 AF DC 00 00 00 00 00 00 00 00 00 00 00 00 00 00 00 00 00 00 00 00 00 00 00 00 00 00 00 00 00 00 00 00 00 00 00 00 00 00 00 00 00 00 00 00 00 00 00 00 00 00 00 50 DD 9E F6 DC 00 00 00 C8 B3 B6 83 5B 02 00 00 70 AB B6 83 5B 02 00 00 C0 1A 63 81 5B 02 00 00 B7 46 00 00 66 04 00 00 A8 61 00 00 23 1D 40 23 A0 52 50 F6 DC 00 00 00 88 53 50 F6 DC 00 00 00 88 53 50 F6 DC 00 00 00 4C F0 AB 6B DC 00 00 00 00 00 00 00 00 00 00 00 FA FA FA FF 00 00 00 00 A5 54 00 FF 20 00 00 00 D0 91 A4 F6 DC 00 00 00 A8 92 A4 F6 DC 00 00 00 A8 92 A4 F6 DC 00 00 00 00 00 00 00 00 00 00 00 00 00 00 00 00 00 00 00 00 00 00 00 00 00 00 00 00 00 00 00 00 00 00 00 00 00 00 00 00 00 00 00 00 00 00 00 00 00 00 00 50 DE 9E F6 DC 00 00 00 78 C4 B6 83 5B 02 00 00 20 BC B6 83 5B 02 00 00 40 1C 63 81 5B 02 00 00 16 18 00 00 28 04 00 00 52 1B 00 00 1D 04 1D 1C 20 F0 48 F6 DC 00 00 00 B8 F0 48 F6 DC 00 00 00 B8 F0 48 F6 DC 00 00 00 8C 00 AC 6B DC 00 00 00 00 00 00 00 00 00 00 00 FA FA FA FF 00 00 00 00 B5 55 2F FF 24 00 00 00 50 38 37 AF DC 00 00 00 80 3A 37 AF DC 00 00 00 80 3A 37 AF DC 00 00 00 00 00 00 00 00 00 00 00 00 00 00 00 00 00 00 00 00 00 00 00 00 00 00 00 00 00 00 00 00 00 00 00 00 00 00 00 00 00 00 00 00 00 00 00 00 00 00 00 30 E3 9E F6 DC 00 00 00 28 D5 B6 83 5B 02 00 00 D0 CC B6 83 5B 02 00 00 C0 1D 63 81 5B 02 00 00 7F 87 00 00 CA 06 00 00 FD A2 00 00 04 1E 00 40 B0 06 B0 F6 DC 00 00 00 40 07 B0 F6 DC 00 00 00 40 07 B0 F6 DC 00 00 00 2C C0 D6 A2 DC 00 00 00 00 00 00 00 00 00 00 00 FA FA FA FF 00 00 00 00 93 45 01 FF 20 00 00 00 A0 53 50 F6 DC 00 00 00 A0 54 50 F6 DC 00 00 00 A0 54 50 F6 DC 00 00 00 00 00 00 00 00 00 00 00 00 00 00 00 00 00 00 00 00 00 00 00 00 00 00 00 00 00 00 00 00 00 00 00 00 00 00 00 00 00 00 00 00 00 00 00 00 00 00 00 70 E8 9E F6 DC 00 00 00 D8 E5 B6 83 5B 02 00 00 80 DD B6 83 5B 02 00 00 40 1F 63 81 5B 02 00 00 8C 50 00 00 56 08 00 00 08 5B 00 00 04 1D 04 04 90 93 A4 F6 DC 00 00 00 60 94 A4 F6 DC 00 00 00 60 94 A4 F6 DC 00 00 00 EC 00 AC 6B DC 00 00 00 00 00 00 00 00 00 00 00 FA FA FA FF 00 00 00 00 E1 B2 7A FF 28 00 00 00 A0 CD 4A F6 DC 00 00 00 20 CF 4A F6 DC 00 00 00 20 CF 4A F6 DC 00 00 00 00 00 00 00 00 00 00 00 00 00 00 00 00 00 00 00 00 00 00 00 00 00 00 00 00 00 00 00 00 00 00 00 00 00 00 00 00 00 00 00 00 00 00 00 00 00 00 00 B0 E8 9E F6 DC 00 00 00 88 F6 B6 83 5B 02 00 00 30 EE B6 83 5B 02 00 00 C0 20 63 81 5B 02 00 00 74 5A 00 00 DC 0F 00 00 8B 6C 00 00 1D 04 1D 1D 70 94 A4 F6 DC 00 00 00 40 95 A4 F6 DC 00 00 00 40 95 A4 F6 DC 00 00 00 2C 2B 83 B8 DC 00 00 00 00 00 00 00 00 00 00 00 FA FA FA FF 00 00 00 00 2C 1C CF FF 28 00 00 00 00 3C A7 F6 DC 00 00 00 08 3C A7 F6 DC 00 00 00 08 3C A7 F6 DC 00 00 00 00 00 00 00 00 00 00 00 00 00 00 00 00 00 00 00 00 00 00 00 00 00 00 00
=== Blackburn Rovers (Cino: 25B39CBCBD0) ===
B0 BE A5 F6 DC 00 00 00 30 BF A5 F6 DC 00 00 00 30 BF A5 F6 DC 00 00 00 00 00 00 00 00 00 00 00 00 00 00 00 00 00 00 00 00 00 00 00 00 00 00 00 00 00 00 00 00 00 00 00 00 00 00 00 00 00 00 00 00 00 00 00 00 00 00 00 D0 E3 9E F6 DC 00 00 00 88 22 BB 83 5B 02 00 00 30 1A BB 83 5B 02 00 00 40 6C 64 81 5B 02 00 00 23 08 00 00 58 02 00 00 ED 09 00 00 1E 1B 00 00 60 AB A2 F6 DC 00 00 00 C8 AB A2 F6 DC 00 00 00 C8 AB A2 F6 DC 00 00 00 0C 0A AC 6B DC 00 00 00 00 00 00 00 00 00 00 00 FA FA FA FF 00 00 00 00 B5 55 2F FF 00 00 00 00 00 00 00 00 00 00 00 00 00 00 00 00 00 00 00 00 00 00 00 00 00 00 00 00 00 00 00 00 00 00 00 00 00 00 00 00 00 00 00 00 00 00 00 00 00 00 00 00 00 00 00 00 00 00 00 00 00 00 00 00 00 00 00 00 00 00 00 00 00 00 00 00 00 00 00 00 00 00 00 00 00 00 00 00 00 00 00 00 00 00 00 00 00 00 00 00 C0 6D 64 81 5B 02 00 00 A0 00 00 00 50 00 00 00 C4 09 00 00 00 00 00 00 30 BF A5 F6 DC 00 00 00 A8 BF A5 F6 DC 00 00 00 A8 BF A5 F6 DC 00 00 00 00 00 00 00 00 00 00 00 00 00 00 00 00 00 00 00 40 8E 40 FF 00 00 00 00 FA FA FA FF 00 00 00 00 00 00 00 00 00 00 00 00 00 00 00 00 00 00 00 00 00 00 00 00 00 00 00 00 00 00 00 00 00 00 00 00 00 00 00 00 00 00 00 00 00 00 00 00 00 00 00 00 00 00 00 00 00 00 00 00 00 00 00 00 00 00 00 00 00 00 00 00 00 00 00 00 00 00 00 00 00 00 00 00 00 00 00 00 00 00 00 00 00 00 00 00 00 00 00 00 40 6F 64 81 5B 02 00 00 A2 00 00 00 64 00 00 00 C4 09 00 00 00 00 00 00 C0 25 87 F6 DC 00 00 00 18 26 87 F6 DC 00 00 00 18 26 87 F6 DC 00 00 00 CC DF E8 A2 DC 00 00 00 00 00 00 00 00 00 00 00 00 00 00 00 00 00 00 00 00 00 00 00 00 00 00 00 00 00 00 00 00 00 00 00 00 00 00 00 00 00 00 00 00 00 00 00 00 00 00 00 00 00 00 00 00 00 00 00 00 00 00 00 00 00 00 00 00 00 00 00 00 00 00 00 00 00 00 00 00 00 00 00 00 00 00 00 00 00 00 00 00 00 00 00 00 00 00 00 00 00 00 00 00 00 00 00 00 00 00 00 00 00 00 00 00 00 00 00 00 00 00 00 C0 70 64 81 5B 02 00 00 90 01 00 00 C8 00 00 00 C4 09 00 00 1D 00 00 00 B0 BF A5 F6 DC 00 00 00 28 C0 A5 F6 DC 00 00 00 28 C0 A5 F6 DC 00 00 00 00 00 00 00 00 00 00 00 00 00 00 00 00 00 00 00 21 20 1E FF 00 00 00 00 4B 8C 3E FF 00 00 00 00 00 00 00 00 00 00 00 00 00 00 00 00 00 00 00 00 00 00 00 00 00 00 00 00 00 00 00 00 00 00 00 00 00 00 00 00 00 00 00 00 00 00 00 00 00 00 00 00 00 00 00 00 00 00 00 00 00 00 00 00 00 00 00 00 00 00 00 00 00 00 00 00 00 00 00 00 00 00 00 00 00 00 00 00 00 00 00 00 00 00 00 00 00 00 00 00 40 72 64 81 5B 02 00 00 FA 00 00 00 64 00 00 00 BD 1F 00 00 00 00 00 00 10 18 9C F6 DC 00 00 00 40 18 9C F6 DC 00 00 00 40 18 9C F6 DC 00 00 00 00 00 00 00 00 00 00 00 00 00 00 00 00 00 00 00 FA FA FA FF 00 00 00 00 53 B8 53 FF 00 00 00 00 00 00 00 00 00 00 00 00 00 00 00 00 00 00 00 00 00 00 00 00 00 00 00 00 00 00 00 00 00 00 00 00 00 00 00 00 00 00 00 00 00 00 00 00 00 00 00 00 00 00 00 00 00 00 00 00 00 00 00 00 00 00 00 00 00 00 00 00 00 00 00 00 00 00 00 00 00 00 00 00 00 00 00 00 00 00 00 00 00 00 00 00 00 00 00 00 00 00 00 00 00 00 00 00 FA 00 00 00 64 00 00 00 52 1C 00 00 00 00 00 00 00 00 00 00 00 00 00 00 00 00 00 00 00 00 00 00 00 00 00 00 00 00 00 00 00 00 00 00 00 00 00 00 00 00 00 00 00 00 00 00 FA FA FA FF 00 00 00 00 30 25 9E FF 00 00 00 00 00 00 00 00 00 00 00 00 00 00 00 00 00 00 00 00 00 00 00 00 00 00 00 00 00 00 00 00 00 00 00 00 00 00 00 00 00 00 00 00 00 00 00 00 00 00 00 00 00 00 00 00 00 00 00 00 00 00 00 00 00 00 00 00 00 00 00 00 00 00 00 00 00 00 00 00 00 00 00 00 00 00 00 00 00 00 00 00 00 00 00 00 00 00 00 00 C0 73 64 81 5B 02 00 00 FA 00 00 00 64 00 00 00 6A 18 00 00 00 00 00 00 D0 AB A2 F6 DC 00 00 00 38 AC A2 F6 DC 00 00 00 38 AC A2 F6 DC 00 00 00 00 00 00 00 00 00 00 00 00 00 00 00 00 00 00 00 24 24 D4 FF 00 00 00 00 21 20 1E FF 00 00 00 00 00 00 00 00 00 00 00 00 00 00 00 00 00 00 00 00 00 00 00 00 00 00 00 00 00 00 00 00 00 00 00 00 00 00 00 00 00 00 00 00 00 00 00 00 00 00 00 00
=== Arsenal (Cino: 25B39CB1BD0) ===
A0 50 50 F6 DC 00 00 00 A0 51 50 F6 DC 00 00 00 A0 51 50 F6 DC 00 00 00 00 00 00 00 00 00 00 00 00 00 00 00 00 00 00 00 00 00 00 00 00 00 00 00 00 00 00 00 00 00 00 00 00 00 00 00 00 00 00 00 00 00 00 00 00 00 00 00 90 DD 9E F6 DC 00 00 00 08 71 B6 83 5B 02 00 00 B0 68 B6 83 5B 02 00 00 C0 14 63 81 5B 02 00 00 B9 CC 00 00 7D 0D 00 00 15 F4 00 00 1D 03 04 1D 50 03 B0 F6 DC 00 00 00 D8 03 B0 F6 DC 00 00 00 D8 03 B0 F6 DC 00 00 00 AC 2A 83 B8 DC 00 00 00 00 00 00 00 00 00 00 00 FA FA FA FF 00 00 00 00 13 06 E2 FF 28 00 00 00 50 08 9C F6 DC 00 00 00 80 08 9C F6 DC 00 00 00 80 08 9C F6 DC 00 00 00 00 00 00 00 00 00 00 00 00 00 00 00 00 00 00 00 00 00 00 00 00 00 00 00 00 00 00 00 00 00 00 00 00 00 00 00 00 00 00 00 00 00 00 00 00 00 00 00 00 00 00 00 00 00 00 00 B8 81 B6 83 5B 02 00 00 60 79 B6 83 5B 02 00 00 40 16 63 81 5B 02 00 00 72 29 00 00 58 1B 00 00 44 48 00 00 04 1D 1E 1D 10 90 A4 F6 DC 00 00 00 E0 90 A4 F6 DC 00 00 00 E0 90 A4 F6 DC 00 00 00 4C E4 AB 6B DC 00 00 00 00 00 00 00 00 00 00 00 FF FF FF FF 00 00 00 00 E0 62 38 FF 00 00 00 00 50 33 37 AF DC 00 00 00 A0 35 37 AF DC 00 00 00 A0 35 37 AF DC 00 00 00 00 00 00 00 00 00 00 00 00 00 00 00 00 00 00 00 00 00 00 00 00 00 00 00 00 00 00 00 00 00 00 00 00 00 00 00 00 00 00 00 00 00 00 00 00 00 00 00 70 DC 9E F6 DC 00 00 00 68 92 B6 83 5B 02 00 00 10 8A B6 83 5B 02 00 00 C0 17 63 81 5B 02 00 00 16 67 00 00 F8 06 00 00 B4 7B 00 00 1D 1B 1D 04 70 0C 97 F6 DC 00 00 00 28 0D 97 F6 DC 00 00 00 28 0D 97 F6 DC 00 00 00 AC E7 AB 6B DC 00 00 00 00 00 00 00 00 00 00 00 F0 BB 86 FF 00 00 00 00 33 00 66 FF 20 00 00 00 20 EA E9 B7 DC 00 00 00 08 EC E9 B7 DC 00 00 00 08 EC E9 B7 DC 00 00 00 00 00 00 00 00 00 00 00 00 00 00 00 00 00 00 00 00 00 00 00 00 00 00 00 B0 3B A7 F6 DC 00 00 00 B8 3B A7 F6 DC 00 00 00 B8 3B A7 F6 DC 00 00 00 30 DD 9E F6 DC 00 00 00 18 A3 B6 83 5B 02 00 00 C0 9A B6 83 5B 02 00 00 40 19 63 81 5B 02 00 00 22 89 00 00 DC 06 00 00 66 A2 00 00 1D 03 00 00 00 05 B0 F6 DC 00 00 00 88 05 B0 F6 DC 00 00 00 88 05 B0 F6 DC 00 00 00 6C F7 AB 6B DC 00 00 00 00 00 00 00 00 00 00 00 FA FA FA FF 00 00 00 00 B5 68 2D FF 08 00 00 00 D0 35 37 AF DC 00 00 00 D8 37 37 AF DC 00 00 00 D8 37 37 AF DC 00 00 00 00 00 00 00 00 00 00 00 00 00 00 00 00 00 00 00 00 00 00 00 00 00 00 00 00 00 00 00 00 00 00 00 00 00 00 00 00 00 00 00 00 00 00 00 00 00 00 00 50 DD 9E F6 DC 00 00 00 C8 B3 B6 83 5B 02 00 00 70 AB B6 83 5B 02 00 00 C0 1A 63 81 5B 02 00 00 B7 46 00 00 66 04 00 00 A8 61 00 00 23 1D 40 23 A0 52 50 F6 DC 00 00 00 88 53 50 F6 DC 00 00 00 88 53 50 F6 DC 00 00 00 4C F0 AB 6B DC 00 00 00 00 00 00 00 00 00 00 00 FA FA FA FF 00 00 00 00 A5 54 00 FF 20 00 00 00 D0 91 A4 F6 DC 00 00 00 A8 92 A4 F6 DC 00 00 00 A8 92 A4 F6 DC 00 00 00 00 00 00 00 00 00 00 00 00 00 00 00 00 00 00 00 00 00 00 00 00 00 00 00 00 00 00 00 00 00 00 00 00 00 00 00 00 00 00 00 00 00 00 00 00 00 00 00 50 DE 9E F6 DC 00 00 00 78 C4 B6 83 5B 02 00 00 20 BC B6 83 5B 02 00 00 40 1C 63 81 5B 02 00 00 16 18 00 00 28 04 00 00 52 1B 00 00 1D 04 1D 1C 20 F0 48 F6 DC 00 00 00 B8 F0 48 F6 DC 00 00 00 B8 F0 48 F6 DC 00 00 00 8C 00 AC 6B DC 00 00 00 00 00 00 00 00 00 00 00 FA FA FA FF 00 00 00 00 B5 55 2F FF 24 00 00 00 50 38 37 AF DC 00 00 00 80 3A 37 AF DC 00 00 00 80 3A 37 AF DC 00 00 00 00 00 00 00 00 00 00 00 00 00 00 00 00 00 00 00 00 00 00 00 00 00 00 00 00 00 00 00 00 00 00 00 00 00 00 00 00 00 00 00 00 00 00 00 00 00 00 00 30 E3 9E F6 DC 00 00 00 28 D5 B6 83 5B 02 00 00 D0 CC B6 83 5B 02 00 00 C0 1D 63 81 5B 02 00 00 7F 87 00 00 CA 06 00 00 FD A2 00 00 04 1E 00 40 B0 06 B0 F6 DC 00 00 00 40 07 B0 F6 DC 00 00 00 40 07 B0 F6 DC 00 00 00 2C C0 D6 A2 DC 00 00 00 00 00 00 00 00 00 00 00 FA FA FA FF 00 00 00 00 93 45 01 FF 20 00 00 00 A0 53 50 F6 DC 00 00 00 A0 54 50 F6 DC 00 00 00 A0 54 50 F6 DC 00 00 00 00 00 00 00 00 00 00 00 00 00 00 00 00 00 00 00 00 00 00 00 00 00 00 00
=== Brentford (Cino: 25B39D65170) ===
30 E0 CB F6 DC 00 00 00 38 E0 CB F6 DC 00 00 00 38 E0 CB F6 DC 00 00 00 00 00 00 00 00 00 00 00 00 00 00 00 00 00 00 00 00 00 00 00 00 00 00 00 00 00 00 00 00 00 00 00 00 00 00 00 00 00 00 00 00 00 00 00 00 00 00 00 00 00 00 00 00 00 00 00 00 00 00 00 00 00 00 00 00 00 00 00 00 00 00 00 C0 76 79 81 5B 02 00 00 FA 00 00 00 64 00 00 00 C4 09 00 00 00 00 00 00 B0 2E A6 F6 DC 00 00 00 30 2F A6 F6 DC 00 00 00 30 2F A6 F6 DC 00 00 00 4C 68 B1 6B DC 00 00 00 EC D3 83 B8 DC 00 00 00 FA FA FA FF 00 00 00 00 2C 1C CF FF 00 00 00 00 00 00 00 00 00 00 00 00 00 00 00 00 00 00 00 00 00 00 00 00 00 00 00 00 00 00 00 00 00 00 00 00 00 00 00 00 00 00 00 00 00 00 00 00 00 00 00 00 00 00 00 00 00 00 00 00 00 00 00 00 00 00 00 00 00 00 00 00 00 00 00 00 00 00 00 00 00 00 00 00 00 00 00 00 00 00 00 00 00 00 00 00 00 00 00 00 40 78 79 81 5B 02 00 00 FA 00 00 00 64 00 00 00 F9 15 00 00 00 00 00 00 00 00 00 00 00 00 00 00 00 00 00 00 00 00 00 00 00 00 00 00 00 00 00 00 00 00 00 00 00 00 00 00 00 00 00 00 00 00 00 00 71 B5 3C FF 00 00 00 00 FA FA FA FF 00 00 00 00 00 00 00 00 00 00 00 00 00 00 00 00 00 00 00 00 00 00 00 00 00 00 00 00 00 00 00 00 00 00 00 00 00 00 00 00 00 00 00 00 00 00 00 00 00 00 00 00 00 00 00 00 00 00 00 00 00 00 00 00 00 00 00 00 00 00 00 00 00 00 00 00 00 00 00 00 00 00 00 00 00 00 00 00 00 00 00 00 00 00 00 00 00 00 00 00 C0 79 79 81 5B 02 00 00 FA 00 00 00 64 00 00 00 35 0C 00 00 00 00 00 00 00 00 00 00 00 00 00 00 00 00 00 00 00 00 00 00 00 00 00 00 00 00 00 00 00 00 00 00 00 00 00 00 00 00 00 00 00 00 00 00 71 B5 3C FF 00 00 00 00 24 24 D4 FF 00 00 00 00 00 00 00 00 00 00 00 00 00 00 00 00 00 00 00 00 00 00 00 00 00 00 00 00 00 00 00 00 00 00 00 00 00 00 00 00 00 00 00 00 00 00 00 00 00 00 00 00 00 00 00 00 00 00 00 00 00 00 00 00 00 00 00 00 00 00 00 00 00 00 00 00 00 00 00 00 00 00 00 00 00 00 00 00 00 00 00 00 00 00 00 00 00 00 00 00 40 7B 79 81 5B 02 00 00 FA 00 00 00 64 00 00 00 F9 15 00 00 00 00 00 00 80 53 D6 F6 DC 00 00 00 E0 53 D6 F6 DC 00 00 00 E0 53 D6 F6 DC 00 00 00 00 00 00 00 00 00 00 00 00 00 00 00 00 00 00 00 D9 4E 32 FF 00 00 00 00 FA FA FA FF 00 00 00 00 60 E0 CB F6 DC 00 00 00 68 E0 CB F6 DC 00 00 00 68 E0 CB F6 DC 00 00 00 00 00 00 00 00 00 00 00 00 00 00 00 00 00 00 00 00 00 00 00 00 00 00 00 00 00 00 00 00 00 00 00 00 00 00 00 00 00 00 00 00 00 00 00 00 00 00 00 00 00 00 00 00 00 00 00 00 00 00 00 00 00 00 00 00 00 00 00 00 00 00 00 C0 7C 79 81 5B 02 00 00 FA 00 00 00 64 00 00 00 6A 18 00 00 00 00 00 00 E0 53 D6 F6 DC 00 00 00 40 54 D6 F6 DC 00 00 00 40 54 D6 F6 DC 00 00 00 00 00 00 00 00 00 00 00 00 00 00 00 00 00 00 00 00 00 00 FF 00 00 00 00 00 D9 FF FF 00 00 00 00 00 00 00 00 00 00 00 00 00 00 00 00 00 00 00 00 00 00 00 00 00 00 00 00 00 00 00 00 00 00 00 00 00 00 00 00 00 00 00 00 00 00 00 00 00 00 00 00 00 00 00 00 00 00 00 00 00 00 00 00 00 00 00 00 00 00 00 00 00 00 00 00 00 00 00 00 00 00 00 00 00 00 00 00 00 00 00 00 00 00 00 00 00 00 00 00 40 7E 79 81 5B 02 00 00 FA 00 00 00 64 00 00 00 5E 1A 00 00 00 00 00 00 40 17 C6 F6 DC 00 00 00 88 17 C6 F6 DC 00 00 00 88 17 C6 F6 DC 00 00 00 00 00 00 00 00 00 00 00 00 00 00 00 00 00 00 00 DB E6 67 FF 00 00 00 00 21 20 1E FF 00 00 00 00 00 00 00 00 00 00 00 00 00 00 00 00 00 00 00 00 00 00 00 00 00 00 00 00 00 00 00 00 00 00 00 00 00 00 00 00 00 00 00 00 00 00 00 00 00 00 00 00 00 00 00 00 00 00 00 00 00 00 00 00 00 00 00 00 00 00 00 00 00 00 00 00 00 00 00 00 00 00 00 00 00 00 00 00 00 00 00 00 00 00 00 00 00 00 00 00 C0 7F 79 81 5B 02 00 00 FA 00 00 00 64 00 00 00 70 17 00 00 00 00 00 00 90 17 C6 F6 DC 00 00 00 D8 17 C6 F6 DC 00 00 00 D8 17 C6 F6 DC 00 00 00 00 00 00 00 00 00 00 00 00 00 00 00 00 00 00 00 FA FA FA FF 00 00 00 00 F3 88 BE FF 00 00 00 00 00 00 00 00 00 00 00 00 00 00 00 00 00 00 00 00 00 00 00 00 00 00 00 00 00 00 00 00 00 00 00 00 00 00 00 00 00 00 00 00 00 00 00 00 00 00 00 00
=== Blackburn Rovers (Cino: 25B398A1DA0) ===
60 28 52 AF DC 00 00 00 E0 29 52 AF DC 00 00 00 E0 29 52 AF DC 00 00 00 00 00 00 00 00 00 00 00 00 00 00 00 00 00 00 00 00 00 00 00 00 00 00 00 00 00 00 00 00 00 00 00 00 00 00 00 00 00 00 00 00 00 00 00 00 00 00 00 00 31 34 F5 DC 00 00 00 38 AC B0 81 5B 02 00 00 E0 A3 B0 81 5B 02 00 00 40 21 E3 80 5B 02 00 00 4A 62 00 00 64 19 00 00 C8 8B 00 00 1D 04 3F 04 40 8E A1 F5 DC 00 00 00 10 8F A1 F5 DC 00 00 00 10 8F A1 F5 DC 00 00 00 BC 8A 3D C0 DC 00 00 00 CC 97 83 B8 DC 00 00 00 FF FF FF FF 00 00 00 00 9C 5E 00 FF 00 00 00 00 D0 0C 32 AB DC 00 00 00 88 0E 32 AB DC 00 00 00 88 0E 32 AB DC 00 00 00 00 00 00 00 00 00 00 00 00 00 00 00 00 00 00 00 00 00 00 00 00 00 00 00 00 00 00 00 00 00 00 00 00 00 00 00 00 00 00 00 00 00 00 00 00 00 00 00 40 2A 34 F5 DC 00 00 00 E8 BC B0 81 5B 02 00 00 90 B4 B0 81 5B 02 00 00 C0 22 E3 80 5B 02 00 00 20 3B 00 00 AC 0D 00 00 06 66 00 00 1D 1B 04 1D 20 8F A1 F5 DC 00 00 00 00 90 A1 F5 DC 00 00 00 00 90 A1 F5 DC 00 00 00 DC 8B 3D C0 DC 00 00 00 EC 97 83 B8 DC 00 00 00 FF FF FF FF 00 00 00 00 12 87 F6 FF 08 00 00 00 D0 EF 36 AF DC 00 00 00 50 F2 36 AF DC 00 00 00 50 F2 36 AF DC 00 00 00 00 00 00 00 00 00 00 00 00 00 00 00 00 00 00 00 00 00 00 00 00 00 00 00 00 00 00 00 00 00 00 00 00 00 00 00 00 00 00 00 00 00 00 00 00 00 00 00 00 2B 34 F5 DC 00 00 00 98 CD B0 81 5B 02 00 00 40 C5 B0 81 5B 02 00 00 40 24 E3 80 5B 02 00 00 48 64 00 00 B8 0B 00 00 C4 86 00 00 00 00 00 00 00 90 A1 F5 DC 00 00 00 D8 90 A1 F5 DC 00 00 00 D8 90 A1 F5 DC 00 00 00 5C 17 79 6B DC 00 00 00 0C 98 83 B8 DC 00 00 00 7E 3C 26 FF 00 00 00 00 FF FF FF FF 00 00 00 00 40 EF 45 B8 DC 00 00 00 78 EF 45 B8 DC 00 00 00 78 EF 45 B8 DC 00 00 00 00 00 00 00 00 00 00 00 00 00 00 00 00 00 00 00 00 00 00 00 00 00 00 00 00 00 00 00 00 00 00 00 00 00 00 00 00 00 00 00 00 00 00 00 00 00 00 00 A0 2A 34 F5 DC 00 00 00 48 DE B0 81 5B 02 00 00 F0 D5 B0 81 5B 02 00 00 C0 25 E3 80 5B 02 00 00 F9 0A 00 00 E8 03 00 00 06 1C 00 00 1D 04 40 1C 80 83 A2 F5 DC 00 00 00 38 84 A2 F5 DC 00 00 00 38 84 A2 F5 DC 00 00 00 EC FC 04 19 DE 00 00 00 2C 98 83 B8 DC 00 00 00 20 1F 23 FF 00 00 00 00 07 C7 FB FF 04 00 00 00 20 8A E9 B7 DC 00 00 00 20 8C E9 B7 DC 00 00 00 20 8C E9 B7 DC 00 00 00 00 00 00 00 00 00 00 00 00 00 00 00 00 00 00 00 00 00 00 00 00 00 00 00 00 00 00 00 00 00 00 00 00 00 00 00 00 00 00 00 00 00 00 00 00 00 00 00 80 31 34 F5 DC 00 00 00 F8 EE B0 81 5B 02 00 00 A0 E6 B0 81 5B 02 00 00 40 27 E3 80 5B 02 00 00 B2 4A 00 00 B8 0B 00 00 A8 61 00 00 03 04 04 03 E0 90 A1 F5 DC 00 00 00 B8 91 A1 F5 DC 00 00 00 B8 91 A1 F5 DC 00 00 00 9C 8C 3D C0 DC 00 00 00 4C 98 83 B8 DC 00 00 00 26 9B F9 FF 00 00 00 00 33 06 6C FF 2C 00 00 00 10 13 6F A9 DC 00 00 00 E8 15 6F A9 DC 00 00 00 E8 15 6F A9 DC 00 00 00 00 00 00 00 00 00 00 00 00 00 00 00 00 00 00 00 00 00 00 00 00 00 00 00 00 00 00 00 00 00 00 00 00 00 00 00 00 00 00 00 00 00 00 00 00 00 00 00 E0 2B 34 F5 DC 00 00 00 A8 FF B0 81 5B 02 00 00 50 F7 B0 81 5B 02 00 00 C0 28 E3 80 5B 02 00 00 4B 56 00 00 E0 2E 00 00 8C 69 00 00 04 1D 23 1D C0 91 A1 F5 DC 00 00 00 98 92 A1 F5 DC 00 00 00 98 92 A1 F5 DC 00 00 00 FC 8C 3D C0 DC 00 00 00 6C 98 83 B8 DC 00 00 00 FF FF FF FF 00 00 00 00 13 06 E3 FF 04 00 00 00 60 88 E4 71 DC 00 00 00 38 8C E4 71 DC 00 00 00 38 8C E4 71 DC 00 00 00 00 00 00 00 00 00 00 00 00 00 00 00 00 00 00 00 00 00 00 00 00 00 00 00 00 00 00 00 00 00 00 00 00 00 00 00 00 00 00 00 00 00 00 00 00 00 00 00 80 2F 34 F5 DC 00 00 00 58 10 B1 81 5B 02 00 00 00 08 B1 81 5B 02 00 00 40 2A E3 80 5B 02 00 00 89 85 00 00 94 11 00 00 40 9C 00 00 00 00 00 00 40 43 EB B7 DC 00 00 00 38 44 EB B7 DC 00 00 00 38 44 EB B7 DC 00 00 00 1C 8C 3D C0 DC 00 00 00 8C 98 83 B8 DC 00 00 00 FF FF FF FF 00 00 00 00 AA 5D 00 FF 04 00 00 00 60 78 E4 71 DC 00 00 00 F8 7B E4 71 DC 00 00 00 F8 7B E4 71 DC 00 00 00 00 00 00 00 00 00 00 00 00 00 00 00 00 00 00 00 00 00 00 00 00 00 00 00
=== Brighton & Hove Albion (Cino: 25B39CB1E90) ===
D0 35 37 AF DC 00 00 00 D8 37 37 AF DC 00 00 00 D8 37 37 AF DC 00 00 00 00 00 00 00 00 00 00 00 00 00 00 00 00 00 00 00 00 00 00 00 00 00 00 00 00 00 00 00 00 00 00 00 00 00 00 00 00 00 00 00 00 00 00 00 00 00 00 00 50 DD 9E F6 DC 00 00 00 C8 B3 B6 83 5B 02 00 00 70 AB B6 83 5B 02 00 00 C0 1A 63 81 5B 02 00 00 B7 46 00 00 66 04 00 00 A8 61 00 00 23 1D 40 23 A0 52 50 F6 DC 00 00 00 88 53 50 F6 DC 00 00 00 88 53 50 F6 DC 00 00 00 4C F0 AB 6B DC 00 00 00 00 00 00 00 00 00 00 00 FA FA FA FF 00 00 00 00 A5 54 00 FF 20 00 00 00 D0 91 A4 F6 DC 00 00 00 A8 92 A4 F6 DC 00 00 00 A8 92 A4 F6 DC 00 00 00 00 00 00 00 00 00 00 00 00 00 00 00 00 00 00 00 00 00 00 00 00 00 00 00 00 00 00 00 00 00 00 00 00 00 00 00 00 00 00 00 00 00 00 00 00 00 00 00 50 DE 9E F6 DC 00 00 00 78 C4 B6 83 5B 02 00 00 20 BC B6 83 5B 02 00 00 40 1C 63 81 5B 02 00 00 16 18 00 00 28 04 00 00 52 1B 00 00 1D 04 1D 1C 20 F0 48 F6 DC 00 00 00 B8 F0 48 F6 DC 00 00 00 B8 F0 48 F6 DC 00 00 00 8C 00 AC 6B DC 00 00 00 00 00 00 00 00 00 00 00 FA FA FA FF 00 00 00 00 B5 55 2F FF 24 00 00 00 50 38 37 AF DC 00 00 00 80 3A 37 AF DC 00 00 00 80 3A 37 AF DC 00 00 00 00 00 00 00 00 00 00 00 00 00 00 00 00 00 00 00 00 00 00 00 00 00 00 00 00 00 00 00 00 00 00 00 00 00 00 00 00 00 00 00 00 00 00 00 00 00 00 00 30 E3 9E F6 DC 00 00 00 28 D5 B6 83 5B 02 00 00 D0 CC B6 83 5B 02 00 00 C0 1D 63 81 5B 02 00 00 7F 87 00 00 CA 06 00 00 FD A2 00 00 04 1E 00 40 B0 06 B0 F6 DC 00 00 00 40 07 B0 F6 DC 00 00 00 40 07 B0 F6 DC 00 00 00 2C C0 D6 A2 DC 00 00 00 00 00 00 00 00 00 00 00 FA FA FA FF 00 00 00 00 93 45 01 FF 20 00 00 00 A0 53 50 F6 DC 00 00 00 A0 54 50 F6 DC 00 00 00 A0 54 50 F6 DC 00 00 00 00 00 00 00 00 00 00 00 00 00 00 00 00 00 00 00 00 00 00 00 00 00 00 00 00 00 00 00 00 00 00 00 00 00 00 00 00 00 00 00 00 00 00 00 00 00 00 00 70 E8 9E F6 DC 00 00 00 D8 E5 B6 83 5B 02 00 00 80 DD B6 83 5B 02 00 00 40 1F 63 81 5B 02 00 00 8C 50 00 00 56 08 00 00 08 5B 00 00 04 1D 04 04 90 93 A4 F6 DC 00 00 00 60 94 A4 F6 DC 00 00 00 60 94 A4 F6 DC 00 00 00 EC 00 AC 6B DC 00 00 00 00 00 00 00 00 00 00 00 FA FA FA FF 00 00 00 00 E1 B2 7A FF 28 00 00 00 A0 CD 4A F6 DC 00 00 00 20 CF 4A F6 DC 00 00 00 20 CF 4A F6 DC 00 00 00 00 00 00 00 00 00 00 00 00 00 00 00 00 00 00 00 00 00 00 00 00 00 00 00 00 00 00 00 00 00 00 00 00 00 00 00 00 00 00 00 00 00 00 00 00 00 00 00 B0 E8 9E F6 DC 00 00 00 88 F6 B6 83 5B 02 00 00 30 EE B6 83 5B 02 00 00 C0 20 63 81 5B 02 00 00 74 5A 00 00 DC 0F 00 00 8B 6C 00 00 1D 04 1D 1D 70 94 A4 F6 DC 00 00 00 40 95 A4 F6 DC 00 00 00 40 95 A4 F6 DC 00 00 00 2C 2B 83 B8 DC 00 00 00 00 00 00 00 00 00 00 00 FA FA FA FF 00 00 00 00 2C 1C CF FF 28 00 00 00 00 3C A7 F6 DC 00 00 00 08 3C A7 F6 DC 00 00 00 08 3C A7 F6 DC 00 00 00 00 00 00 00 00 00 00 00 00 00 00 00 00 00 00 00 00 00 00 00 00 00 00 00 00 00 00 00 00 00 00 00 00 00 00 00 00 00 00 00 00 00 00 00 00 00 00 00 00 00 00 00 00 00 00 00 00 00 00 00 00 00 00 00 00 00 00 00 00 00 00 00 40 22 63 81 5B 02 00 00 FA 00 00 00 64 00 00 00 C4 09 00 00 00 00 00 00 F0 10 97 F6 DC 00 00 00 98 11 97 F6 DC 00 00 00 98 11 97 F6 DC 00 00 00 0C C0 D6 A2 DC 00 00 00 00 00 00 00 00 00 00 00 FA FA FA FF 00 00 00 00 B8 7B 3D FF 00 00 00 00 20 B0 B7 F5 DC 00 00 00 58 B1 B7 F5 DC 00 00 00 58 B1 B7 F5 DC 00 00 00 00 00 00 00 00 00 00 00 00 00 00 00 00 00 00 00 00 00 00 00 00 00 00 00 00 00 00 00 00 00 00 00 00 00 00 00 00 00 00 00 00 00 00 00 00 00 00 00 F0 E3 9E F6 DC 00 00 00 38 07 B7 83 5B 02 00 00 E0 FE B6 83 5B 02 00 00 C0 23 63 81 5B 02 00 00 FF 3D 00 00 22 03 00 00 67 4A 00 00 00 00 00 00 B0 11 97 F6 DC 00 00 00 68 12 97 F6 DC 00 00 00 68 12 97 F6 DC 00 00 00 8C BF D6 A2 DC 00 00 00 00 00 00 00 00 00 00 00 5C 28 17 FF 00 00 00 00 FA FA FA FF 00 00 00 00 20 CF 4A F6 DC 00 00 00 78 D0 4A F6 DC 00 00 00 78 D0 4A F6 DC 00 00 00 00 00 00 00 00 00 00 00 00 00 00 00 00 00 00 00 00 00 00 00 00 00 00 00
=== Aston Villa (Cino: 25B398A1770) ===
B0 37 FA 71 DC 00 00 00 D8 3A FA 71 DC 00 00 00 D8 3A FA 71 DC 00 00 00 00 00 00 00 00 00 00 00 00 00 00 00 00 00 00 00 00 00 00 00 00 00 00 00 00 00 00 00 00 00 00 00 00 00 00 00 00 00 00 00 00 00 00 00 00 00 00 00 E0 30 34 F5 DC 00 00 00 68 37 B0 81 5B 02 00 00 10 2F B0 81 5B 02 00 00 40 15 E3 80 5B 02 00 00 97 AE 00 00 A8 61 00 00 D8 D6 00 00 1D 23 04 1D 40 3F EB B7 DC 00 00 00 28 40 EB B7 DC 00 00 00 28 40 EB B7 DC 00 00 00 6C FC 04 19 DE 00 00 00 CC 96 83 B8 DC 00 00 00 E5 BE 94 FF 00 00 00 00 24 00 48 FF 24 00 00 00 00 00 00 00 00 00 00 00 00 00 00 00 00 00 00 00 00 00 00 00 00 00 00 00 00 00 00 00 00 00 00 00 00 00 00 00 00 00 00 00 00 00 00 00 00 00 00 00 00 00 00 00 00 00 00 00 00 00 00 00 00 00 00 00 00 00 00 00 00 00 00 00 00 00 00 00 00 00 00 00 00 00 00 00 00 00 00 00 00 00 00 00 00 00 00 00 00 00 00 00 00 00 00 00 A2 00 00 00 64 00 00 00 07 0E 00 00 00 00 00 00 00 00 00 00 00 00 00 00 00 00 00 00 00 00 00 00 00 00 00 00 00 00 00 00 8C F7 04 19 DE 00 00 00 00 00 00 00 00 00 00 00 FA FA FA FF 00 00 00 00 B5 55 2F FF 00 00 00 00 40 40 EB B7 DC 00 00 00 30 41 EB B7 DC 00 00 00 30 41 EB B7 DC 00 00 00 00 00 00 00 00 00 00 00 00 00 00 00 00 00 00 00 00 00 00 00 00 00 00 00 00 00 00 00 00 00 00 00 00 00 00 00 00 00 00 00 00 00 00 00 00 00 00 00 80 2B 34 F5 DC 00 00 00 18 48 B0 81 5B 02 00 00 C0 3F B0 81 5B 02 00 00 C0 16 E3 80 5B 02 00 00 88 24 00 00 58 02 00 00 44 2F 00 00 1D 03 1D 03 C0 8A A1 F5 DC 00 00 00 88 8B A1 F5 DC 00 00 00 88 8B A1 F5 DC 00 00 00 8C FC 04 19 DE 00 00 00 EC 96 83 B8 DC 00 00 00 00 00 00 FF 00 00 00 00 00 77 FF FF 00 00 00 00 50 ED 36 AF DC 00 00 00 80 EF 36 AF DC 00 00 00 80 EF 36 AF DC 00 00 00 00 00 00 00 00 00 00 00 00 00 00 00 00 00 00 00 00 00 00 00 00 00 00 00 00 00 00 00 00 00 00 00 00 00 00 00 00 00 00 00 00 00 00 00 00 00 00 00 00 2C 34 F5 DC 00 00 00 C8 58 B0 81 5B 02 00 00 70 50 B0 81 5B 02 00 00 40 18 E3 80 5B 02 00 00 55 2F 00 00 A0 0F 00 00 A8 61 00 00 03 1D 1E 03 A0 8B A1 F5 DC 00 00 00 68 8C A1 F5 DC 00 00 00 68 8C A1 F5 DC 00 00 00 3C 8B 3D C0 DC 00 00 00 0C 97 83 B8 DC 00 00 00 FF FF FF FF 00 00 00 00 21 19 D7 FF 00 00 00 00 00 EC 45 B8 DC 00 00 00 40 EC 45 B8 DC 00 00 00 40 EC 45 B8 DC 00 00 00 00 00 00 00 00 00 00 00 00 00 00 00 00 00 00 00 00 00 00 00 00 00 00 00 00 00 00 00 00 00 00 00 00 00 00 00 00 00 00 00 00 00 00 00 00 00 00 00 C0 31 34 F5 DC 00 00 00 78 69 B0 81 5B 02 00 00 20 61 B0 81 5B 02 00 00 C0 19 E3 80 5B 02 00 00 DB 18 00 00 58 02 00 00 CB 28 00 00 00 00 00 00 80 8C A1 F5 DC 00 00 00 58 8D A1 F5 DC 00 00 00 58 8D A1 F5 DC 00 00 00 DC 16 79 6B DC 00 00 00 2C 97 83 B8 DC 00 00 00 7D 3D 22 FF 00 00 00 00 FF FF FF FF 00 00 00 00 80 EC 45 B8 DC 00 00 00 C0 EC 45 B8 DC 00 00 00 C0 EC 45 B8 DC 00 00 00 00 00 00 00 00 00 00 00 00 00 00 00 00 00 00 00 00 00 00 00 00 00 00 00 00 00 00 00 00 00 00 00 00 00 00 00 00 00 00 00 00 00 00 00 00 00 00 00 60 2B 34 F5 DC 00 00 00 28 7A B0 81 5B 02 00 00 D0 71 B0 81 5B 02 00 00 40 1B E3 80 5B 02 00 00 4C 0C 00 00 20 03 00 00 35 74 00 00 40 04 1E 04 40 81 A2 F5 DC 00 00 00 E8 81 A2 F5 DC 00 00 00 E8 81 A2 F5 DC 00 00 00 3C 17 79 6B DC 00 00 00 4C 97 83 B8 DC 00 00 00 FF FF FF FF 00 00 00 00 00 00 00 FF 24 00 00 00 50 EB F7 62 DC 00 00 00 98 EF F7 62 DC 00 00 00 98 EF F7 62 DC 00 00 00 00 00 00 00 00 00 00 00 00 00 00 00 00 00 00 00 00 00 00 00 00 00 00 00 00 BD 58 F5 DC 00 00 00 08 BD 58 F5 DC 00 00 00 08 BD 58 F5 DC 00 00 00 60 2C 34 F5 DC 00 00 00 D8 8A B0 81 5B 02 00 00 80 82 B0 81 5B 02 00 00 C0 1C E3 80 5B 02 00 00 79 5A 00 00 58 1B 00 00 50 C3 00 00 03 1D 1D 03 60 8D A1 F5 DC 00 00 00 38 8E A1 F5 DC 00 00 00 38 8E A1 F5 DC 00 00 00 7C 8B 3D C0 DC 00 00 00 6C 97 83 B8 DC 00 00 00 FF FF FF FF 00 00 00 00 8F 3D 1E FF 20 00 00 00 10 BD 58 F5 DC 00 00 00 20 BD 58 F5 DC 00 00 00 20 BD 58 F5 DC 00 00 00 00 00 00 00 00 00 00 00 00 00 00 00 00 00 00 00 00 00 00 00 00 00 00 00
=== Arsenal (Cino: 25B398A16C0) ===
10 10 6F A9 DC 00 00 00 A0 12 6F A9 DC 00 00 00 A0 12 6F A9 DC 00 00 00 00 00 00 00 00 00 00 00 00 00 00 00 00 00 00 00 00 00 00 00 00 00 00 00 00 00 00 00 00 00 00 00 00 00 00 00 00 00 00 00 00 00 00 00 00 00 00 00 60 2F 34 F5 DC 00 00 00 B8 26 B0 81 5B 02 00 00 60 1E B0 81 5B 02 00 00 C0 13 E3 80 5B 02 00 00 21 F3 00 00 C8 AF 00 00 18 73 01 00 04 00 04 04 40 3E EB B7 DC 00 00 00 28 3F EB B7 DC 00 00 00 28 3F EB B7 DC 00 00 00 2C FC 04 19 DE 00 00 00 00 00 00 00 00 00 00 00 FF FF FF FF 00 00 00 00 07 00 DB FF 00 00 00 00 B0 37 FA 71 DC 00 00 00 D8 3A FA 71 DC 00 00 00 D8 3A FA 71 DC 00 00 00 00 00 00 00 00 00 00 00 00 00 00 00 00 00 00 00 00 00 00 00 00 00 00 00 00 00 00 00 00 00 00 00 00 00 00 00 00 00 00 00 00 00 00 00 00 00 00 00 E0 30 34 F5 DC 00 00 00 68 37 B0 81 5B 02 00 00 10 2F B0 81 5B 02 00 00 40 15 E3 80 5B 02 00 00 97 AE 00 00 A8 61 00 00 D8 D6 00 00 1D 23 04 1D 40 3F EB B7 DC 00 00 00 28 40 EB B7 DC 00 00 00 28 40 EB B7 DC 00 00 00 6C FC 04 19 DE 00 00 00 CC 96 83 B8 DC 00 00 00 E5 BE 94 FF 00 00 00 00 24 00 48 FF 24 00 00 00 00 00 00 00 00 00 00 00 00 00 00 00 00 00 00 00 00 00 00 00 00 00 00 00 00 00 00 00 00 00 00 00 00 00 00 00 00 00 00 00 00 00 00 00 00 00 00 00 00 00 00 00 00 00 00 00 00 00 00 00 00 00 00 00 00 00 00 00 00 00 00 00 00 00 00 00 00 00 00 00 00 00 00 00 00 00 00 00 00 00 00 00 00 00 00 00 00 00 00 00 00 00 00 00 A2 00 00 00 64 00 00 00 07 0E 00 00 00 00 00 00 00 00 00 00 00 00 00 00 00 00 00 00 00 00 00 00 00 00 00 00 00 00 00 00 8C F7 04 19 DE 00 00 00 00 00 00 00 00 00 00 00 FA FA FA FF 00 00 00 00 B5 55 2F FF 00 00 00 00 40 40 EB B7 DC 00 00 00 30 41 EB B7 DC 00 00 00 30 41 EB B7 DC 00 00 00 00 00 00 00 00 00 00 00 00 00 00 00 00 00 00 00 00 00 00 00 00 00 00 00 00 00 00 00 00 00 00 00 00 00 00 00 00 00 00 00 00 00 00 00 00 00 00 00 80 2B 34 F5 DC 00 00 00 18 48 B0 81 5B 02 00 00 C0 3F B0 81 5B 02 00 00 C0 16 E3 80 5B 02 00 00 88 24 00 00 58 02 00 00 44 2F 00 00 1D 03 1D 03 C0 8A A1 F5 DC 00 00 00 88 8B A1 F5 DC 00 00 00 88 8B A1 F5 DC 00 00 00 8C FC 04 19 DE 00 00 00 EC 96 83 B8 DC 00 00 00 00 00 00 FF 00 00 00 00 00 77 FF FF 00 00 00 00 50 ED 36 AF DC 00 00 00 80 EF 36 AF DC 00 00 00 80 EF 36 AF DC 00 00 00 00 00 00 00 00 00 00 00 00 00 00 00 00 00 00 00 00 00 00 00 00 00 00 00 00 00 00 00 00 00 00 00 00 00 00 00 00 00 00 00 00 00 00 00 00 00 00 00 00 2C 34 F5 DC 00 00 00 C8 58 B0 81 5B 02 00 00 70 50 B0 81 5B 02 00 00 40 18 E3 80 5B 02 00 00 55 2F 00 00 A0 0F 00 00 A8 61 00 00 03 1D 1E 03 A0 8B A1 F5 DC 00 00 00 68 8C A1 F5 DC 00 00 00 68 8C A1 F5 DC 00 00 00 3C 8B 3D C0 DC 00 00 00 0C 97 83 B8 DC 00 00 00 FF FF FF FF 00 00 00 00 21 19 D7 FF 00 00 00 00 00 EC 45 B8 DC 00 00 00 40 EC 45 B8 DC 00 00 00 40 EC 45 B8 DC 00 00 00 00 00 00 00 00 00 00 00 00 00 00 00 00 00 00 00 00 00 00 00 00 00 00 00 00 00 00 00 00 00 00 00 00 00 00 00 00 00 00 00 00 00 00 00 00 00 00 00 C0 31 34 F5 DC 00 00 00 78 69 B0 81 5B 02 00 00 20 61 B0 81 5B 02 00 00 C0 19 E3 80 5B 02 00 00 DB 18 00 00 58 02 00 00 CB 28 00 00 00 00 00 00 80 8C A1 F5 DC 00 00 00 58 8D A1 F5 DC 00 00 00 58 8D A1 F5 DC 00 00 00 DC 16 79 6B DC 00 00 00 2C 97 83 B8 DC 00 00 00 7D 3D 22 FF 00 00 00 00 FF FF FF FF 00 00 00 00 80 EC 45 B8 DC 00 00 00 C0 EC 45 B8 DC 00 00 00 C0 EC 45 B8 DC 00 00 00 00 00 00 00 00 00 00 00 00 00 00 00 00 00 00 00 00 00 00 00 00 00 00 00 00 00 00 00 00 00 00 00 00 00 00 00 00 00 00 00 00 00 00 00 00 00 00 00 60 2B 34 F5 DC 00 00 00 28 7A B0 81 5B 02 00 00 D0 71 B0 81 5B 02 00 00 40 1B E3 80 5B 02 00 00 4C 0C 00 00 20 03 00 00 35 74 00 00 40 04 1E 04 40 81 A2 F5 DC 00 00 00 E8 81 A2 F5 DC 00 00 00 E8 81 A2 F5 DC 00 00 00 3C 17 79 6B DC 00 00 00 4C 97 83 B8 DC 00 00 00 FF FF FF FF 00 00 00 00 00 00 00 FF 24 00 00 00 50 EB F7 62 DC 00 00 00 98 EF F7 62 DC 00 00 00 98 EF F7 62 DC 00 00 00 00 00 00 00 00 00 00 00 00 00 00 00 00 00 00 00 00 00 00 00 00 00 00 00
=== Brighton & Hove Albion (Cino: 25B398A21C0) ===
60 88 E4 71 DC 00 00 00 38 8C E4 71 DC 00 00 00 38 8C E4 71 DC 00 00 00 00 00 00 00 00 00 00 00 00 00 00 00 00 00 00 00 00 00 00 00 00 00 00 00 00 00 00 00 00 00 00 00 00 00 00 00 00 00 00 00 00 00 00 00 00 00 00 00 80 2F 34 F5 DC 00 00 00 58 10 B1 81 5B 02 00 00 00 08 B1 81 5B 02 00 00 40 2A E3 80 5B 02 00 00 89 85 00 00 94 11 00 00 40 9C 00 00 00 00 00 00 40 43 EB B7 DC 00 00 00 38 44 EB B7 DC 00 00 00 38 44 EB B7 DC 00 00 00 1C 8C 3D C0 DC 00 00 00 8C 98 83 B8 DC 00 00 00 FF FF FF FF 00 00 00 00 AA 5D 00 FF 04 00 00 00 60 78 E4 71 DC 00 00 00 F8 7B E4 71 DC 00 00 00 F8 7B E4 71 DC 00 00 00 00 00 00 00 00 00 00 00 00 00 00 00 00 00 00 00 00 00 00 00 00 00 00 00 00 00 00 00 00 00 00 00 00 00 00 00 00 00 00 00 00 00 00 00 00 00 00 00 60 2A 34 F5 DC 00 00 00 08 21 B1 81 5B 02 00 00 B0 18 B1 81 5B 02 00 00 C0 2B E3 80 5B 02 00 00 D2 61 00 00 94 11 00 00 8F 80 00 00 1D 40 1D 1D 40 44 EB B7 DC 00 00 00 28 45 EB B7 DC 00 00 00 28 45 EB B7 DC 00 00 00 4C FD 04 19 DE 00 00 00 AC 98 83 B8 DC 00 00 00 FF FF FF FF 00 00 00 00 23 1A E2 FF 2C 00 00 00 60 54 E4 71 DC 00 00 00 48 58 E4 71 DC 00 00 00 48 58 E4 71 DC 00 00 00 00 00 00 00 00 00 00 00 00 00 00 00 00 00 00 00 00 00 00 00 00 00 00 00 00 00 00 00 00 00 00 00 00 00 00 00 00 00 00 00 00 00 00 00 00 00 00 00 E0 2A 34 F5 DC 00 00 00 B8 31 B1 81 5B 02 00 00 60 29 B1 81 5B 02 00 00 40 2D E3 80 5B 02 00 00 11 37 00 00 B8 0B 00 00 4F 5E 00 00 00 00 00 00 80 93 A1 F5 DC 00 00 00 58 94 A1 F5 DC 00 00 00 58 94 A1 F5 DC 00 00 00 5C 8D 3D C0 DC 00 00 00 CC 98 83 B8 DC 00 00 00 FF FF FF FF 00 00 00 00 95 4B 00 FF 08 00 00 00 00 00 00 00 00 00 00 00 00 00 00 00 00 00 00 00 00 00 00 00 00 00 00 00 00 00 00 00 00 00 00 00 00 00 00 00 00 00 00 00 00 00 00 00 00 00 00 00 00 00 00 00 00 00 00 00 00 00 00 00 00 00 00 00 00 00 00 00 00 00 00 00 00 00 00 00 00 00 00 00 00 00 00 00 00 00 00 00 00 00 00 00 00 00 00 00 00 00 00 00 00 00 00 00 2C 01 00 00 64 00 00 00 7C 15 00 00 00 00 00 00 00 00 00 00 00 00 00 00 00 00 00 00 00 00 00 00 00 00 00 00 00 00 00 00 8C FB 04 19 DE 00 00 00 00 00 00 00 00 00 00 00 FA FA FA FF 00 00 00 00 B5 55 2F FF 00 00 00 00 10 16 6F A9 DC 00 00 00 B0 18 6F A9 DC 00 00 00 B0 18 6F A9 DC 00 00 00 00 00 00 00 00 00 00 00 00 00 00 00 00 00 00 00 00 00 00 00 00 00 00 00 00 00 00 00 00 00 00 00 00 00 00 00 00 00 00 00 00 00 00 00 00 00 00 00 20 2B 34 F5 DC 00 00 00 68 42 B1 81 5B 02 00 00 10 3A B1 81 5B 02 00 00 C0 2E E3 80 5B 02 00 00 5E 4A 00 00 10 27 00 00 60 6D 00 00 1D 1C 03 1C 40 45 EB B7 DC 00 00 00 28 46 EB B7 DC 00 00 00 28 46 EB B7 DC 00 00 00 9C 8D 3D C0 DC 00 00 00 EC 98 83 B8 DC 00 00 00 F5 C8 64 FF 00 00 00 00 41 00 5F FF 00 00 00 00 20 BF 58 F5 DC 00 00 00 30 BF 58 F5 DC 00 00 00 30 BF 58 F5 DC 00 00 00 00 00 00 00 00 00 00 00 00 00 00 00 00 00 00 00 00 00 00 00 00 00 00 00 00 00 00 00 00 00 00 00 00 00 00 00 00 00 00 00 00 00 00 00 00 00 00 00 00 00 00 00 00 00 00 00 00 00 00 00 00 00 00 00 00 00 00 00 00 00 00 00 40 30 E3 80 5B 02 00 00 A4 0C 00 00 D5 07 00 00 41 2E 00 00 03 1E 00 00 10 86 A6 F5 DC 00 00 00 A0 86 A6 F5 DC 00 00 00 A0 86 A6 F5 DC 00 00 00 BC 8E 3D C0 DC 00 00 00 0C 99 83 B8 DC 00 00 00 B5 55 2F FF 00 00 00 00 FA FA FA FF 24 00 00 00 90 0E 32 AB DC 00 00 00 30 10 32 AB DC 00 00 00 30 10 32 AB DC 00 00 00 00 00 00 00 00 00 00 00 00 00 00 00 00 00 00 00 00 00 00 00 00 00 00 00 00 00 00 00 00 00 00 00 00 00 00 00 00 00 00 00 00 00 00 00 00 00 00 00 20 2C 34 F5 DC 00 00 00 18 53 B1 81 5B 02 00 00 C0 4A B1 81 5B 02 00 00 C0 31 E3 80 5B 02 00 00 AF 40 00 00 D0 07 00 00 5D 7D 00 00 03 1D 03 07 40 46 EB B7 DC 00 00 00 28 47 EB B7 DC 00 00 00 28 47 EB B7 DC 00 00 00 7C 8D 3D C0 DC 00 00 00 2C 99 83 B8 DC 00 00 00 00 00 00 FF 00 00 00 00 00 9D FF FF 26 00 00 00 00 88 A2 F5 DC 00 00 00 C0 88 A2 F5 DC 00 00 00 C0 88 A2 F5 DC 00 00 00 00 00 00 00 00 00 00 00 00 00 00 00 00 00 00 00 00 00 00 00 00 00 00 00
=== Brentford (Cino: 25B398A2110) ===
10 13 6F A9 DC 00 00 00 E8 15 6F A9 DC 00 00 00 E8 15 6F A9 DC 00 00 00 00 00 00 00 00 00 00 00 00 00 00 00 00 00 00 00 00 00 00 00 00 00 00 00 00 00 00 00 00 00 00 00 00 00 00 00 00 00 00 00 00 00 00 00 00 00 00 00 E0 2B 34 F5 DC 00 00 00 A8 FF B0 81 5B 02 00 00 50 F7 B0 81 5B 02 00 00 C0 28 E3 80 5B 02 00 00 4B 56 00 00 E0 2E 00 00 8C 69 00 00 04 1D 23 1D C0 91 A1 F5 DC 00 00 00 98 92 A1 F5 DC 00 00 00 98 92 A1 F5 DC 00 00 00 FC 8C 3D C0 DC 00 00 00 6C 98 83 B8 DC 00 00 00 FF FF FF FF 00 00 00 00 13 06 E3 FF 04 00 00 00 60 88 E4 71 DC 00 00 00 38 8C E4 71 DC 00 00 00 38 8C E4 71 DC 00 00 00 00 00 00 00 00 00 00 00 00 00 00 00 00 00 00 00 00 00 00 00 00 00 00 00 00 00 00 00 00 00 00 00 00 00 00 00 00 00 00 00 00 00 00 00 00 00 00 00 80 2F 34 F5 DC 00 00 00 58 10 B1 81 5B 02 00 00 00 08 B1 81 5B 02 00 00 40 2A E3 80 5B 02 00 00 89 85 00 00 94 11 00 00 40 9C 00 00 00 00 00 00 40 43 EB B7 DC 00 00 00 38 44 EB B7 DC 00 00 00 38 44 EB B7 DC 00 00 00 1C 8C 3D C0 DC 00 00 00 8C 98 83 B8 DC 00 00 00 FF FF FF FF 00 00 00 00 AA 5D 00 FF 04 00 00 00 60 78 E4 71 DC 00 00 00 F8 7B E4 71 DC 00 00 00 F8 7B E4 71 DC 00 00 00 00 00 00 00 00 00 00 00 00 00 00 00 00 00 00 00 00 00 00 00 00 00 00 00 00 00 00 00 00 00 00 00 00 00 00 00 00 00 00 00 00 00 00 00 00 00 00 00 60 2A 34 F5 DC 00 00 00 08 21 B1 81 5B 02 00 00 B0 18 B1 81 5B 02 00 00 C0 2B E3 80 5B 02 00 00 D2 61 00 00 94 11 00 00 8F 80 00 00 1D 40 1D 1D 40 44 EB B7 DC 00 00 00 28 45 EB B7 DC 00 00 00 28 45 EB B7 DC 00 00 00 4C FD 04 19 DE 00 00 00 AC 98 83 B8 DC 00 00 00 FF FF FF FF 00 00 00 00 23 1A E2 FF 2C 00 00 00 60 54 E4 71 DC 00 00 00 48 58 E4 71 DC 00 00 00 48 58 E4 71 DC 00 00 00 00 00 00 00 00 00 00 00 00 00 00 00 00 00 00 00 00 00 00 00 00 00 00 00 00 00 00 00 00 00 00 00 00 00 00 00 00 00 00 00 00 00 00 00 00 00 00 00 E0 2A 34 F5 DC 00 00 00 B8 31 B1 81 5B 02 00 00 60 29 B1 81 5B 02 00 00 40 2D E3 80 5B 02 00 00 11 37 00 00 B8 0B 00 00 4F 5E 00 00 00 00 00 00 80 93 A1 F5 DC 00 00 00 58 94 A1 F5 DC 00 00 00 58 94 A1 F5 DC 00 00 00 5C 8D 3D C0 DC 00 00 00 CC 98 83 B8 DC 00 00 00 FF FF FF FF 00 00 00 00 95 4B 00 FF 08 00 00 00 00 00 00 00 00 00 00 00 00 00 00 00 00 00 00 00 00 00 00 00 00 00 00 00 00 00 00 00 00 00 00 00 00 00 00 00 00 00 00 00 00 00 00 00 00 00 00 00 00 00 00 00 00 00 00 00 00 00 00 00 00 00 00 00 00 00 00 00 00 00 00 00 00 00 00 00 00 00 00 00 00 00 00 00 00 00 00 00 00 00 00 00 00 00 00 00 00 00 00 00 00 00 00 00 2C 01 00 00 64 00 00 00 7C 15 00 00 00 00 00 00 00 00 00 00 00 00 00 00 00 00 00 00 00 00 00 00 00 00 00 00 00 00 00 00 8C FB 04 19 DE 00 00 00 00 00 00 00 00 00 00 00 FA FA FA FF 00 00 00 00 B5 55 2F FF 00 00 00 00 10 16 6F A9 DC 00 00 00 B0 18 6F A9 DC 00 00 00 B0 18 6F A9 DC 00 00 00 00 00 00 00 00 00 00 00 00 00 00 00 00 00 00 00 00 00 00 00 00 00 00 00 00 00 00 00 00 00 00 00 00 00 00 00 00 00 00 00 00 00 00 00 00 00 00 00 20 2B 34 F5 DC 00 00 00 68 42 B1 81 5B 02 00 00 10 3A B1 81 5B 02 00 00 C0 2E E3 80 5B 02 00 00 5E 4A 00 00 10 27 00 00 60 6D 00 00 1D 1C 03 1C 40 45 EB B7 DC 00 00 00 28 46 EB B7 DC 00 00 00 28 46 EB B7 DC 00 00 00 9C 8D 3D C0 DC 00 00 00 EC 98 83 B8 DC 00 00 00 F5 C8 64 FF 00 00 00 00 41 00 5F FF 00 00 00 00 20 BF 58 F5 DC 00 00 00 30 BF 58 F5 DC 00 00 00 30 BF 58 F5 DC 00 00 00 00 00 00 00 00 00 00 00 00 00 00 00 00 00 00 00 00 00 00 00 00 00 00 00 00 00 00 00 00 00 00 00 00 00 00 00 00 00 00 00 00 00 00 00 00 00 00 00 00 00 00 00 00 00 00 00 00 00 00 00 00 00 00 00 00 00 00 00 00 00 00 00 40 30 E3 80 5B 02 00 00 A4 0C 00 00 D5 07 00 00 41 2E 00 00 03 1E 00 00 10 86 A6 F5 DC 00 00 00 A0 86 A6 F5 DC 00 00 00 A0 86 A6 F5 DC 00 00 00 BC 8E 3D C0 DC 00 00 00 0C 99 83 B8 DC 00 00 00 B5 55 2F FF 00 00 00 00 FA FA FA FF 24 00 00 00 90 0E 32 AB DC 00 00 00 30 10 32 AB DC 00 00 00 30 10 32 AB DC 00 00 00 00 00 00 00 00 00 00 00 00 00 00 00 00 00 00 00 00 00 00 00 00 00 00 00
=== Aston Villa (Cino: 25B39CB1D30) ===
50 33 37 AF DC 00 00 00 A0 35 37 AF DC 00 00 00 A0 35 37 AF DC 00 00 00 00 00 00 00 00 00 00 00 00 00 00 00 00 00 00 00 00 00 00 00 00 00 00 00 00 00 00 00 00 00 00 00 00 00 00 00 00 00 00 00 00 00 00 00 00 00 00 00 70 DC 9E F6 DC 00 00 00 68 92 B6 83 5B 02 00 00 10 8A B6 83 5B 02 00 00 C0 17 63 81 5B 02 00 00 16 67 00 00 F8 06 00 00 B4 7B 00 00 1D 1B 1D 04 70 0C 97 F6 DC 00 00 00 28 0D 97 F6 DC 00 00 00 28 0D 97 F6 DC 00 00 00 AC E7 AB 6B DC 00 00 00 00 00 00 00 00 00 00 00 F0 BB 86 FF 00 00 00 00 33 00 66 FF 20 00 00 00 20 EA E9 B7 DC 00 00 00 08 EC E9 B7 DC 00 00 00 08 EC E9 B7 DC 00 00 00 00 00 00 00 00 00 00 00 00 00 00 00 00 00 00 00 00 00 00 00 00 00 00 00 B0 3B A7 F6 DC 00 00 00 B8 3B A7 F6 DC 00 00 00 B8 3B A7 F6 DC 00 00 00 30 DD 9E F6 DC 00 00 00 18 A3 B6 83 5B 02 00 00 C0 9A B6 83 5B 02 00 00 40 19 63 81 5B 02 00 00 22 89 00 00 DC 06 00 00 66 A2 00 00 1D 03 00 00 00 05 B0 F6 DC 00 00 00 88 05 B0 F6 DC 00 00 00 88 05 B0 F6 DC 00 00 00 6C F7 AB 6B DC 00 00 00 00 00 00 00 00 00 00 00 FA FA FA FF 00 00 00 00 B5 68 2D FF 08 00 00 00 D0 35 37 AF DC 00 00 00 D8 37 37 AF DC 00 00 00 D8 37 37 AF DC 00 00 00 00 00 00 00 00 00 00 00 00 00 00 00 00 00 00 00 00 00 00 00 00 00 00 00 00 00 00 00 00 00 00 00 00 00 00 00 00 00 00 00 00 00 00 00 00 00 00 00 50 DD 9E F6 DC 00 00 00 C8 B3 B6 83 5B 02 00 00 70 AB B6 83 5B 02 00 00 C0 1A 63 81 5B 02 00 00 B7 46 00 00 66 04 00 00 A8 61 00 00 23 1D 40 23 A0 52 50 F6 DC 00 00 00 88 53 50 F6 DC 00 00 00 88 53 50 F6 DC 00 00 00 4C F0 AB 6B DC 00 00 00 00 00 00 00 00 00 00 00 FA FA FA FF 00 00 00 00 A5 54 00 FF 20 00 00 00 D0 91 A4 F6 DC 00 00 00 A8 92 A4 F6 DC 00 00 00 A8 92 A4 F6 DC 00 00 00 00 00 00 00 00 00 00 00 00 00 00 00 00 00 00 00 00 00 00 00 00 00 00 00 00 00 00 00 00 00 00 00 00 00 00 00 00 00 00 00 00 00 00 00 00 00 00 00 50 DE 9E F6 DC 00 00 00 78 C4 B6 83 5B 02 00 00 20 BC B6 83 5B 02 00 00 40 1C 63 81 5B 02 00 00 16 18 00 00 28 04 00 00 52 1B 00 00 1D 04 1D 1C 20 F0 48 F6 DC 00 00 00 B8 F0 48 F6 DC 00 00 00 B8 F0 48 F6 DC 00 00 00 8C 00 AC 6B DC 00 00 00 00 00 00 00 00 00 00 00 FA FA FA FF 00 00 00 00 B5 55 2F FF 24 00 00 00 50 38 37 AF DC 00 00 00 80 3A 37 AF DC 00 00 00 80 3A 37 AF DC 00 00 00 00 00 00 00 00 00 00 00 00 00 00 00 00 00 00 00 00 00 00 00 00 00 00 00 00 00 00 00 00 00 00 00 00 00 00 00 00 00 00 00 00 00 00 00 00 00 00 00 30 E3 9E F6 DC 00 00 00 28 D5 B6 83 5B 02 00 00 D0 CC B6 83 5B 02 00 00 C0 1D 63 81 5B 02 00 00 7F 87 00 00 CA 06 00 00 FD A2 00 00 04 1E 00 40 B0 06 B0 F6 DC 00 00 00 40 07 B0 F6 DC 00 00 00 40 07 B0 F6 DC 00 00 00 2C C0 D6 A2 DC 00 00 00 00 00 00 00 00 00 00 00 FA FA FA FF 00 00 00 00 93 45 01 FF 20 00 00 00 A0 53 50 F6 DC 00 00 00 A0 54 50 F6 DC 00 00 00 A0 54 50 F6 DC 00 00 00 00 00 00 00 00 00 00 00 00 00 00 00 00 00 00 00 00 00 00 00 00 00 00 00 00 00 00 00 00 00 00 00 00 00 00 00 00 00 00 00 00 00 00 00 00 00 00 00 70 E8 9E F6 DC 00 00 00 D8 E5 B6 83 5B 02 00 00 80 DD B6 83 5B 02 00 00 40 1F 63 81 5B 02 00 00 8C 50 00 00 56 08 00 00 08 5B 00 00 04 1D 04 04 90 93 A4 F6 DC 00 00 00 60 94 A4 F6 DC 00 00 00 60 94 A4 F6 DC 00 00 00 EC 00 AC 6B DC 00 00 00 00 00 00 00 00 00 00 00 FA FA FA FF 00 00 00 00 E1 B2 7A FF 28 00 00 00 A0 CD 4A F6 DC 00 00 00 20 CF 4A F6 DC 00 00 00 20 CF 4A F6 DC 00 00 00 00 00 00 00 00 00 00 00 00 00 00 00 00 00 00 00 00 00 00 00 00 00 00 00 00 00 00 00 00 00 00 00 00 00 00 00 00 00 00 00 00 00 00 00 00 00 00 00 B0 E8 9E F6 DC 00 00 00 88 F6 B6 83 5B 02 00 00 30 EE B6 83 5B 02 00 00 C0 20 63 81 5B 02 00 00 74 5A 00 00 DC 0F 00 00 8B 6C 00 00 1D 04 1D 1D 70 94 A4 F6 DC 00 00 00 40 95 A4 F6 DC 00 00 00 40 95 A4 F6 DC 00 00 00 2C 2B 83 B8 DC 00 00 00 00 00 00 00 00 00 00 00 FA FA FA FF 00 00 00 00 2C 1C CF FF 28 00 00 00 00 3C A7 F6 DC 00 00 00 08 3C A7 F6 DC 00 00 00 08 3C A7 F6 DC 00 00 00 00 00 00 00 00 00 00 00 00 00 00 00 00 00 00 00 00 00 00 00 00 00 00 00
=== Blackburn Rovers (Cino: 25B39CBCBD0) ===
B0 BE A5 F6 DC 00 00 00 30 BF A5 F6 DC 00 00 00 30 BF A5 F6 DC 00 00 00 00 00 00 00 00 00 00 00 00 00 00 00 00 00 00 00 00 00 00 00 00 00 00 00 00 00 00 00 00 00 00 00 00 00 00 00 00 00 00 00 00 00 00 00 00 00 00 00 D0 E3 9E F6 DC 00 00 00 88 22 BB 83 5B 02 00 00 30 1A BB 83 5B 02 00 00 40 6C 64 81 5B 02 00 00 23 08 00 00 58 02 00 00 ED 09 00 00 1E 1B 00 00 60 AB A2 F6 DC 00 00 00 C8 AB A2 F6 DC 00 00 00 C8 AB A2 F6 DC 00 00 00 0C 0A AC 6B DC 00 00 00 00 00 00 00 00 00 00 00 FA FA FA FF 00 00 00 00 B5 55 2F FF 00 00 00 00 00 00 00 00 00 00 00 00 00 00 00 00 00 00 00 00 00 00 00 00 00 00 00 00 00 00 00 00 00 00 00 00 00 00 00 00 00 00 00 00 00 00 00 00 00 00 00 00 00 00 00 00 00 00 00 00 00 00 00 00 00 00 00 00 00 00 00 00 00 00 00 00 00 00 00 00 00 00 00 00 00 00 00 00 00 00 00 00 00 00 00 00 00 00 00 00 C0 6D 64 81 5B 02 00 00 A0 00 00 00 50 00 00 00 C4 09 00 00 00 00 00 00 30 BF A5 F6 DC 00 00 00 A8 BF A5 F6 DC 00 00 00 A8 BF A5 F6 DC 00 00 00 00 00 00 00 00 00 00 00 00 00 00 00 00 00 00 00 40 8E 40 FF 00 00 00 00 FA FA FA FF 00 00 00 00 00 00 00 00 00 00 00 00 00 00 00 00 00 00 00 00 00 00 00 00 00 00 00 00 00 00 00 00 00 00 00 00 00 00 00 00 00 00 00 00 00 00 00 00 00 00 00 00 00 00 00 00 00 00 00 00 00 00 00 00 00 00 00 00 00 00 00 00 00 00 00 00 00 00 00 00 00 00 00 00 00 00 00 00 00 00 00 00 00 00 00 00 00 00 00 00 40 6F 64 81 5B 02 00 00 A2 00 00 00 64 00 00 00 C4 09 00 00 00 00 00 00 C0 25 87 F6 DC 00 00 00 18 26 87 F6 DC 00 00 00 18 26 87 F6 DC 00 00 00 CC DF E8 A2 DC 00 00 00 00 00 00 00 00 00 00 00 00 00 00 00 00 00 00 00 00 00 00 00 00 00 00 00 00 00 00 00 00 00 00 00 00 00 00 00 00 00 00 00 00 00 00 00 00 00 00 00 00 00 00 00 00 00 00 00 00 00 00 00 00 00 00 00 00 00 00 00 00 00 00 00 00 00 00 00 00 00 00 00 00 00 00 00 00 00 00 00 00 00 00 00 00 00 00 00 00 00 00 00 00 00 00 00 00 00 00 00 00 00 00 00 00 00 00 00 00 00 00 00 C0 70 64 81 5B 02 00 00 90 01 00 00 C8 00 00 00 C4 09 00 00 1D 00 00 00 B0 BF A5 F6 DC 00 00 00 28 C0 A5 F6 DC 00 00 00 28 C0 A5 F6 DC 00 00 00 00 00 00 00 00 00 00 00 00 00 00 00 00 00 00 00 21 20 1E FF 00 00 00 00 4B 8C 3E FF 00 00 00 00 00 00 00 00 00 00 00 00 00 00 00 00 00 00 00 00 00 00 00 00 00 00 00 00 00 00 00 00 00 00 00 00 00 00 00 00 00 00 00 00 00 00 00 00 00 00 00 00 00 00 00 00 00 00 00 00 00 00 00 00 00 00 00 00 00 00 00 00 00 00 00 00 00 00 00 00 00 00 00 00 00 00 00 00 00 00 00 00 00 00 00 00 00 00 00 00 40 72 64 81 5B 02 00 00 FA 00 00 00 64 00 00 00 BD 1F 00 00 00 00 00 00 10 18 9C F6 DC 00 00 00 40 18 9C F6 DC 00 00 00 40 18 9C F6 DC 00 00 00 00 00 00 00 00 00 00 00 00 00 00 00 00 00 00 00 FA FA FA FF 00 00 00 00 53 B8 53 FF 00 00 00 00 00 00 00 00 00 00 00 00 00 00 00 00 00 00 00 00 00 00 00 00 00 00 00 00 00 00 00 00 00 00 00 00 00 00 00 00 00 00 00 00 00 00 00 00 00 00 00 00 00 00 00 00 00 00 00 00 00 00 00 00 00 00 00 00 00 00 00 00 00 00 00 00 00 00 00 00 00 00 00 00 00 00 00 00 00 00 00 00 00 00 00 00 00 00 00 00 00 00 00 00 00 00 00 00 FA 00 00 00 64 00 00 00 52 1C 00 00 00 00 00 00 00 00 00 00 00 00 00 00 00 00 00 00 00 00 00 00 00 00 00 00 00 00 00 00 00 00 00 00 00 00 00 00 00 00 00 00 00 00 00 00 FA FA FA FF 00 00 00 00 30 25 9E FF 00 00 00 00 00 00 00 00 00 00 00 00 00 00 00 00 00 00 00 00 00 00 00 00 00 00 00 00 00 00 00 00 00 00 00 00 00 00 00 00 00 00 00 00 00 00 00 00 00 00 00 00 00 00 00 00 00 00 00 00 00 00 00 00 00 00 00 00 00 00 00 00 00 00 00 00 00 00 00 00 00 00 00 00 00 00 00 00 00 00 00 00 00 00 00 00 00 00 00 00 C0 73 64 81 5B 02 00 00 FA 00 00 00 64 00 00 00 6A 18 00 00 00 00 00 00 D0 AB A2 F6 DC 00 00 00 38 AC A2 F6 DC 00 00 00 38 AC A2 F6 DC 00 00 00 00 00 00 00 00 00 00 00 00 00 00 00 00 00 00 00 24 24 D4 FF 00 00 00 00 21 20 1E FF 00 00 00 00 00 00 00 00 00 00 00 00 00 00 00 00 00 00 00 00 00 00 00 00 00 00 00 00 00 00 00 00 00 00 00 00 00 00 00 00 00 00 00 00 00 00 00 00 00 00 00 00
=== Arsenal (Cino: 25B39CB1BD0) ===
A0 50 50 F6 DC 00 00 00 A0 51 50 F6 DC 00 00 00 A0 51 50 F6 DC 00 00 00 00 00 00 00 00 00 00 00 00 00 00 00 00 00 00 00 00 00 00 00 00 00 00 00 00 00 00 00 00 00 00 00 00 00 00 00 00 00 00 00 00 00 00 00 00 00 00 00 90 DD 9E F6 DC 00 00 00 08 71 B6 83 5B 02 00 00 B0 68 B6 83 5B 02 00 00 C0 14 63 81 5B 02 00 00 B9 CC 00 00 7D 0D 00 00 15 F4 00 00 1D 03 04 1D 50 03 B0 F6 DC 00 00 00 D8 03 B0 F6 DC 00 00 00 D8 03 B0 F6 DC 00 00 00 AC 2A 83 B8 DC 00 00 00 00 00 00 00 00 00 00 00 FA FA FA FF 00 00 00 00 13 06 E2 FF 28 00 00 00 50 08 9C F6 DC 00 00 00 80 08 9C F6 DC 00 00 00 80 08 9C F6 DC 00 00 00 00 00 00 00 00 00 00 00 00 00 00 00 00 00 00 00 00 00 00 00 00 00 00 00 00 00 00 00 00 00 00 00 00 00 00 00 00 00 00 00 00 00 00 00 00 00 00 00 00 00 00 00 00 00 00 00 B8 81 B6 83 5B 02 00 00 60 79 B6 83 5B 02 00 00 40 16 63 81 5B 02 00 00 72 29 00 00 58 1B 00 00 44 48 00 00 04 1D 1E 1D 10 90 A4 F6 DC 00 00 00 E0 90 A4 F6 DC 00 00 00 E0 90 A4 F6 DC 00 00 00 4C E4 AB 6B DC 00 00 00 00 00 00 00 00 00 00 00 FF FF FF FF 00 00 00 00 E0 62 38 FF 00 00 00 00 50 33 37 AF DC 00 00 00 A0 35 37 AF DC 00 00 00 A0 35 37 AF DC 00 00 00 00 00 00 00 00 00 00 00 00 00 00 00 00 00 00 00 00 00 00 00 00 00 00 00 00 00 00 00 00 00 00 00 00 00 00 00 00 00 00 00 00 00 00 00 00 00 00 00 70 DC 9E F6 DC 00 00 00 68 92 B6 83 5B 02 00 00 10 8A B6 83 5B 02 00 00 C0 17 63 81 5B 02 00 00 16 67 00 00 F8 06 00 00 B4 7B 00 00 1D 1B 1D 04 70 0C 97 F6 DC 00 00 00 28 0D 97 F6 DC 00 00 00 28 0D 97 F6 DC 00 00 00 AC E7 AB 6B DC 00 00 00 00 00 00 00 00 00 00 00 F0 BB 86 FF 00 00 00 00 33 00 66 FF 20 00 00 00 20 EA E9 B7 DC 00 00 00 08 EC E9 B7 DC 00 00 00 08 EC E9 B7 DC 00 00 00 00 00 00 00 00 00 00 00 00 00 00 00 00 00 00 00 00 00 00 00 00 00 00 00 B0 3B A7 F6 DC 00 00 00 B8 3B A7 F6 DC 00 00 00 B8 3B A7 F6 DC 00 00 00 30 DD 9E F6 DC 00 00 00 18 A3 B6 83 5B 02 00 00 C0 9A B6 83 5B 02 00 00 40 19 63 81 5B 02 00 00 22 89 00 00 DC 06 00 00 66 A2 00 00 1D 03 00 00 00 05 B0 F6 DC 00 00 00 88 05 B0 F6 DC 00 00 00 88 05 B0 F6 DC 00 00 00 6C F7 AB 6B DC 00 00 00 00 00 00 00 00 00 00 00 FA FA FA FF 00 00 00 00 B5 68 2D FF 08 00 00 00 D0 35 37 AF DC 00 00 00 D8 37 37 AF DC 00 00 00 D8 37 37 AF DC 00 00 00 00 00 00 00 00 00 00 00 00 00 00 00 00 00 00 00 00 00 00 00 00 00 00 00 00 00 00 00 00 00 00 00 00 00 00 00 00 00 00 00 00 00 00 00 00 00 00 00 50 DD 9E F6 DC 00 00 00 C8 B3 B6 83 5B 02 00 00 70 AB B6 83 5B 02 00 00 C0 1A 63 81 5B 02 00 00 B7 46 00 00 66 04 00 00 A8 61 00 00 23 1D 40 23 A0 52 50 F6 DC 00 00 00 88 53 50 F6 DC 00 00 00 88 53 50 F6 DC 00 00 00 4C F0 AB 6B DC 00 00 00 00 00 00 00 00 00 00 00 FA FA FA FF 00 00 00 00 A5 54 00 FF 20 00 00 00 D0 91 A4 F6 DC 00 00 00 A8 92 A4 F6 DC 00 00 00 A8 92 A4 F6 DC 00 00 00 00 00 00 00 00 00 00 00 00 00 00 00 00 00 00 00 00 00 00 00 00 00 00 00 00 00 00 00 00 00 00 00 00 00 00 00 00 00 00 00 00 00 00 00 00 00 00 00 50 DE 9E F6 DC 00 00 00 78 C4 B6 83 5B 02 00 00 20 BC B6 83 5B 02 00 00 40 1C 63 81 5B 02 00 00 16 18 00 00 28 04 00 00 52 1B 00 00 1D 04 1D 1C 20 F0 48 F6 DC 00 00 00 B8 F0 48 F6 DC 00 00 00 B8 F0 48 F6 DC 00 00 00 8C 00 AC 6B DC 00 00 00 00 00 00 00 00 00 00 00 FA FA FA FF 00 00 00 00 B5 55 2F FF 24 00 00 00 50 38 37 AF DC 00 00 00 80 3A 37 AF DC 00 00 00 80 3A 37 AF DC 00 00 00 00 00 00 00 00 00 00 00 00 00 00 00 00 00 00 00 00 00 00 00 00 00 00 00 00 00 00 00 00 00 00 00 00 00 00 00 00 00 00 00 00 00 00 00 00 00 00 00 30 E3 9E F6 DC 00 00 00 28 D5 B6 83 5B 02 00 00 D0 CC B6 83 5B 02 00 00 C0 1D 63 81 5B 02 00 00 7F 87 00 00 CA 06 00 00 FD A2 00 00 04 1E 00 40 B0 06 B0 F6 DC 00 00 00 40 07 B0 F6 DC 00 00 00 40 07 B0 F6 DC 00 00 00 2C C0 D6 A2 DC 00 00 00 00 00 00 00 00 00 00 00 FA FA FA FF 00 00 00 00 93 45 01 FF 20 00 00 00 A0 53 50 F6 DC 00 00 00 A0 54 50 F6 DC 00 00 00 A0 54 50 F6 DC 00 00 00 00 00 00 00 00 00 00 00 00 00 00 00 00 00 00 00 00 00 00 00 00 00 00 00
=== Brentford (Cino: 25B39D65170) ===
30 E0 CB F6 DC 00 00 00 38 E0 CB F6 DC 00 00 00 38 E0 CB F6 DC 00 00 00 00 00 00 00 00 00 00 00 00 00 00 00 00 00 00 00 00 00 00 00 00 00 00 00 00 00 00 00 00 00 00 00 00 00 00 00 00 00 00 00 00 00 00 00 00 00 00 00 00 00 00 00 00 00 00 00 00 00 00 00 00 00 00 00 00 00 00 00 00 00 00 00 C0 76 79 81 5B 02 00 00 FA 00 00 00 64 00 00 00 C4 09 00 00 00 00 00 00 B0 2E A6 F6 DC 00 00 00 30 2F A6 F6 DC 00 00 00 30 2F A6 F6 DC 00 00 00 4C 68 B1 6B DC 00 00 00 EC D3 83 B8 DC 00 00 00 FA FA FA FF 00 00 00 00 2C 1C CF FF 00 00 00 00 00 00 00 00 00 00 00 00 00 00 00 00 00 00 00 00 00 00 00 00 00 00 00 00 00 00 00 00 00 00 00 00 00 00 00 00 00 00 00 00 00 00 00 00 00 00 00 00 00 00 00 00 00 00 00 00 00 00 00 00 00 00 00 00 00 00 00 00 00 00 00 00 00 00 00 00 00 00 00 00 00 00 00 00 00 00 00 00 00 00 00 00 00 00 00 00 40 78 79 81 5B 02 00 00 FA 00 00 00 64 00 00 00 F9 15 00 00 00 00 00 00 00 00 00 00 00 00 00 00 00 00 00 00 00 00 00 00 00 00 00 00 00 00 00 00 00 00 00 00 00 00 00 00 00 00 00 00 00 00 00 00 71 B5 3C FF 00 00 00 00 FA FA FA FF 00 00 00 00 00 00 00 00 00 00 00 00 00 00 00 00 00 00 00 00 00 00 00 00 00 00 00 00 00 00 00 00 00 00 00 00 00 00 00 00 00 00 00 00 00 00 00 00 00 00 00 00 00 00 00 00 00 00 00 00 00 00 00 00 00 00 00 00 00 00 00 00 00 00 00 00 00 00 00 00 00 00 00 00 00 00 00 00 00 00 00 00 00 00 00 00 00 00 00 00 C0 79 79 81 5B 02 00 00 FA 00 00 00 64 00 00 00 35 0C 00 00 00 00 00 00 00 00 00 00 00 00 00 00 00 00 00 00 00 00 00 00 00 00 00 00 00 00 00 00 00 00 00 00 00 00 00 00 00 00 00 00 00 00 00 00 71 B5 3C FF 00 00 00 00 24 24 D4 FF 00 00 00 00 00 00 00 00 00 00 00 00 00 00 00 00 00 00 00 00 00 00 00 00 00 00 00 00 00 00 00 00 00 00 00 00 00 00 00 00 00 00 00 00 00 00 00 00 00 00 00 00 00 00 00 00 00 00 00 00 00 00 00 00 00 00 00 00 00 00 00 00 00 00 00 00 00 00 00 00 00 00 00 00 00 00 00 00 00 00 00 00 00 00 00 00 00 00 00 00 40 7B 79 81 5B 02 00 00 FA 00 00 00 64 00 00 00 F9 15 00 00 00 00 00 00 80 53 D6 F6 DC 00 00 00 E0 53 D6 F6 DC 00 00 00 E0 53 D6 F6 DC 00 00 00 00 00 00 00 00 00 00 00 00 00 00 00 00 00 00 00 D9 4E 32 FF 00 00 00 00 FA FA FA FF 00 00 00 00 60 E0 CB F6 DC 00 00 00 68 E0 CB F6 DC 00 00 00 68 E0 CB F6 DC 00 00 00 00 00 00 00 00 00 00 00 00 00 00 00 00 00 00 00 00 00 00 00 00 00 00 00 00 00 00 00 00 00 00 00 00 00 00 00 00 00 00 00 00 00 00 00 00 00 00 00 00 00 00 00 00 00 00 00 00 00 00 00 00 00 00 00 00 00 00 00 00 00 00 00 C0 7C 79 81 5B 02 00 00 FA 00 00 00 64 00 00 00 6A 18 00 00 00 00 00 00 E0 53 D6 F6 DC 00 00 00 40 54 D6 F6 DC 00 00 00 40 54 D6 F6 DC 00 00 00 00 00 00 00 00 00 00 00 00 00 00 00 00 00 00 00 00 00 00 FF 00 00 00 00 00 D9 FF FF 00 00 00 00 00 00 00 00 00 00 00 00 00 00 00 00 00 00 00 00 00 00 00 00 00 00 00 00 00 00 00 00 00 00 00 00 00 00 00 00 00 00 00 00 00 00 00 00 00 00 00 00 00 00 00 00 00 00 00 00 00 00 00 00 00 00 00 00 00 00 00 00 00 00 00 00 00 00 00 00 00 00 00 00 00 00 00 00 00 00 00 00 00 00 00 00 00 00 00 00 40 7E 79 81 5B 02 00 00 FA 00 00 00 64 00 00 00 5E 1A 00 00 00 00 00 00 40 17 C6 F6 DC 00 00 00 88 17 C6 F6 DC 00 00 00 88 17 C6 F6 DC 00 00 00 00 00 00 00 00 00 00 00 00 00 00 00 00 00 00 00 DB E6 67 FF 00 00 00 00 21 20 1E FF 00 00 00 00 00 00 00 00 00 00 00 00 00 00 00 00 00 00 00 00 00 00 00 00 00 00 00 00 00 00 00 00 00 00 00 00 00 00 00 00 00 00 00 00 00 00 00 00 00 00 00 00 00 00 00 00 00 00 00 00 00 00 00 00 00 00 00 00 00 00 00 00 00 00 00 00 00 00 00 00 00 00 00 00 00 00 00 00 00 00 00 00 00 00 00 00 00 00 00 00 C0 7F 79 81 5B 02 00 00 FA 00 00 00 64 00 00 00 70 17 00 00 00 00 00 00 90 17 C6 F6 DC 00 00 00 D8 17 C6 F6 DC 00 00 00 D8 17 C6 F6 DC 00 00 00 00 00 00 00 00 00 00 00 00 00 00 00 00 00 00 00 FA FA FA FF 00 00 00 00 F3 88 BE FF 00 00 00 00 00 00 00 00 00 00 00 00 00 00 00 00 00 00 00 00 00 00 00 00 00 00 00 00 00 00 00 00 00 00 00 00 00 00 00 00 00 00 00 00 00 00 00 00 00 00 00 00